phoneme,n_languages,n_total,IDF_phoible,global_n_phoible
a,77,88,0.13192754304254806,1830
ae,2,88,3.39002408106403,7
ai,9,88,2.186051276738094,69
ai̯,1,88,3.7954891891721947,8
au,8,88,2.2914117923959205,57
au̯,1,88,3.7954891891721947,7
ay,1,88,3.7954891891721947,2
aː,16,88,1.6554230256759237,646
ã,4,88,2.8791984572980396,361
ãi,1,88,3.7954891891721947,1
ä,1,88,3.7954891891721947,40
b,58,88,0.4110989258264204,1278
bʷ,2,88,3.39002408106403,38
bː,1,88,3.7954891891721947,40
b̰,2,88,3.39002408106403,13
b͈,1,88,3.7954891891721947,1
c,12,88,1.9236870122706031,275
cç,1,88,3.7954891891721947,83
cʰ,2,88,3.39002408106403,55
d,46,88,0.6384887680220812,958
dr,1,88,3.7954891891721947,6
dz,1,88,3.7954891891721947,198
dʲ,1,88,3.7954891891721947,38
dː,1,88,3.7954891891721947,29
d̠ʒ,20,88,1.4441139320087168,537
d̠͈ʒ,1,88,3.7954891891721947,1
d̪,7,88,2.409194828052304,265
d̪z̪,1,88,3.7954891891721947,18
d̪z̪|dz,1,88,3.7954891891721947,12
d̪|d,4,88,2.8791984572980396,53
d̪ʲ|dʲ,1,88,3.7954891891721947,2
d̰,1,88,3.7954891891721947,8
d͈,1,88,3.7954891891721947,1
e,58,88,0.4110989258264204,1322
ea,1,88,3.7954891891721947,9
ei,2,88,3.39002408106403,25
eu,1,88,3.7954891891721947,13
eː,11,88,2.0037297199441397,446
ẽ,1,88,3.7954891891721947,229
e̝,2,88,3.39002408106403,5
e̞,11,88,2.0037297199441397,167
e̞i,2,88,3.39002408106403,7
e̞u,1,88,3.7954891891721947,4
e̤,1,88,3.7954891891721947,19
f,27,88,1.1564318595569358,852
fː,1,88,3.7954891891721947,31
f̰,1,88,3.7954891891721947,1
h,55,88,0.46328467899699055,1142
i,85,88,0.034289073478632165,1926
ia,2,88,3.39002408106403,35
iu,1,88,3.7954891891721947,21
iə,4,88,2.8791984572980396,16
iː,16,88,1.6554230256759237,679
ĩ,4,88,2.8791984572980396,378
ĩə,1,88,3.7954891891721947,1
i̤,1,88,3.7954891891721947,20
j,52,88,0.518344456180018,1842
k,84,88,0.04598511324182344,1863
kp,1,88,3.7954891891721947,284
kpʷ,1,88,3.7954891891721947,4
kʰ,6,88,2.5427262206768266,350
kʲ,1,88,3.7954891891721947,63
kʷ,3,88,3.1023420086122493,259
kː,2,88,3.39002408106403,54
k̰,1,88,3.7954891891721947,9
k͈,1,88,3.7954891891721947,55
l,68,88,0.2545298651348804,1410
lː,2,88,3.39002408106403,57
l̥,3,88,3.1023420086122493,52
l̩,1,88,3.7954891891721947,4
l̪,2,88,3.39002408106403,150
l̪|l,5,88,2.6968769005040847,73
l̪ʲ|lʲ,1,88,3.7954891891721947,4
l̪̰|l̰,1,88,3.7954891891721947,4
l̰,1,88,3.7954891891721947,8
m,88,88,0,1977
mb,13,88,1.8495790401168812,243
mbʲ,1,88,3.7954891891721947,5
mbʷ,3,88,3.1023420086122493,12
mp,5,88,2.6968769005040847,28
mʲ,1,88,3.7954891891721947,47
mʷ,9,88,2.186051276738094,49
mʷˠ,1,88,3.7954891891721947,2
mʷˠː,1,88,3.7954891891721947,1
mː,3,88,3.1023420086122493,65
m̥,3,88,3.1023420086122493,44
m̥ʷ,1,88,3.7954891891721947,1
m̩,1,88,3.7954891891721947,13
m̰,1,88,3.7954891891721947,14
m̼,1,88,3.7954891891721947,1
n,73,88,0.18457127652797004,1649
nd,9,88,2.186051276738094,227
ndr,1,88,3.7954891891721947,5
ndz,1,88,3.7954891891721947,52
ndʲ,1,88,3.7954891891721947,5
nr,1,88,3.7954891891721947,1
ns,3,88,3.1023420086122493,18
nt,4,88,2.8791984572980396,32
nɟ,1,88,3.7954891891721947,2
nʲ,1,88,3.7954891891721947,40
nː,3,88,3.1023420086122493,63
n̠d̠ʒ,2,88,3.39002408106403,106
n̠t̠ʃ,2,88,3.39002408106403,18
n̥,3,88,3.1023420086122493,41
n̩,1,88,3.7954891891721947,11
n̪,6,88,2.5427262206768266,350
n̪d̪,2,88,3.39002408106403,15
n̪d̪|nd,1,88,3.7954891891721947,8
n̪d̪ʷ|ndʷ,1,88,3.7954891891721947,1
n̪s̪|ns,1,88,3.7954891891721947,1
n̪t̪|nt,1,88,3.7954891891721947,2
n̪|n,8,88,2.2914117923959205,91
n̪ʷ|nʷ,1,88,3.7954891891721947,2
n̰,1,88,3.7954891891721947,8
o,62,88,0.34550164334060723,1299
oa,1,88,3.7954891891721947,8
oe,1,88,3.7954891891721947,5
oi,3,88,3.1023420086122493,29
ou,2,88,3.39002408106403,19
oː,12,88,1.9236870122706031,443
õ,1,88,3.7954891891721947,235
o̝,2,88,3.39002408106403,3
o̞,12,88,1.9236870122706031,170
o̞i,1,88,3.7954891891721947,6
o̞u,1,88,3.7954891891721947,5
o̞ː,1,88,3.7954891891721947,32
õ̞,1,88,3.7954891891721947,39
o̤,1,88,3.7954891891721947,20
p,78,88,0.11918851726511835,1732
pʰ,7,88,2.409194828052304,334
pʲ,2,88,3.39002408106403,43
pʷ,7,88,2.409194828052304,38
pʷˠ,1,88,3.7954891891721947,1
pʷˠː,1,88,3.7954891891721947,1
pː,2,88,3.39002408106403,35
p̰,1,88,3.7954891891721947,9
p̼,1,88,3.7954891891721947,1
p͈,1,88,3.7954891891721947,55
q,3,88,3.1023420086122493,154
r,54,88,0.4813031844996689,929
rʲ,1,88,3.7954891891721947,24
rː,2,88,3.39002408106403,34
r̩,1,88,3.7954891891721947,4
r̪|r,5,88,2.6968769005040847,26
s,69,88,0.24014112768278079,1398
sː,3,88,3.1023420086122493,48
s̪,1,88,3.7954891891721947,81
s̪|s,6,88,2.5427262206768266,75
t,65,88,0.29898162770571424,1472
ts,4,88,2.8791984572980396,442
tsʲ,1,88,3.7954891891721947,12
tʰ,3,88,3.1023420086122493,248
tʲ,2,88,3.39002408106403,56
tː,1,88,3.7954891891721947,39
t̠ʃ,23,88,1.3105825393841943,783
t̠ʃʰ,2,88,3.39002408106403,118
t̠ʃː,1,88,3.7954891891721947,24
t̪,15,88,1.7160476474923585,462
t̪s̪,1,88,3.7954891891721947,34
t̪s̪ʰ|tsʰ,1,88,3.7954891891721947,10
t̪|t,6,88,2.5427262206768266,86
t̪ʰ,1,88,3.7954891891721947,100
t̪ʰ|tʰ,2,88,3.39002408106403,22
t̪ʲ|tʲ,2,88,3.39002408106403,5
t̪ʷ|tʷ,1,88,3.7954891891721947,2
t̪ː,1,88,3.7954891891721947,13
t̰,1,88,3.7954891891721947,10
t͈,1,88,3.7954891891721947,36
u,83,88,0.057819570888826236,1843
ui,1,88,3.7954891891721947,39
ui̯,1,88,3.7954891891721947,8
uy,1,88,3.7954891891721947,1
uə,5,88,2.6968769005040847,20
uː,14,88,1.7805861686299298,634
ũ,4,88,2.8791984572980396,353
ũə,1,88,3.7954891891721947,1
ṳ,1,88,3.7954891891721947,19
v,15,88,1.7160476474923585,543
v̼,1,88,3.7954891891721947,1
w,63,88,0.329753286372468,1726
w̰,1,88,3.7954891891721947,17
x,9,88,2.186051276738094,334
xʷ,1,88,3.7954891891721947,51
y,8,88,2.2914117923959205,105
z,6,88,2.5427262206768266,582
z̪|z,1,88,3.7954891891721947,21
æ,7,88,2.409194828052304,123
æː,2,88,3.39002408106403,42
æ̃,1,88,3.7954891891721947,26
ç,1,88,3.7954891891721947,89
ð,5,88,2.6968769005040847,101
ø,2,88,3.39002408106403,61
ħ,2,88,3.39002408106403,55
ŋ,74,88,0.17114825619582946,1291
ŋk,5,88,2.6968769005040847,34
ŋm,1,88,3.7954891891721947,67
ŋmʷ,1,88,3.7954891891721947,1
ŋɡ,10,88,2.0907410969337694,222
ŋɡʷ,3,88,3.1023420086122493,45
ŋʷ,3,88,3.1023420086122493,91
ŋː,1,88,3.7954891891721947,22
ŋ̥,3,88,3.1023420086122493,20
ŋ̩,1,88,3.7954891891721947,7
ŋ̰,1,88,3.7954891891721947,1
œ,2,88,3.39002408106403,47
œː,1,88,3.7954891891721947,18
ɐ,2,88,3.39002408106403,41
ɑ,7,88,2.409194828052304,138
ɑː,2,88,3.39002408106403,69
ɑ̃,1,88,3.7954891891721947,31
ɑ̤,1,88,3.7954891891721947,7
ɒ,3,88,3.1023420086122493,33
ɒ̤,1,88,3.7954891891721947,2
ɓ,4,88,2.8791984572980396,232
ɔ,26,88,1.1927995037278107,738
ɔi,1,88,3.7954891891721947,13
ɔə,1,88,3.7954891891721947,1
ɔː,6,88,2.5427262206768266,224
ɔ̃,2,88,3.39002408106403,164
ɔ̤,1,88,3.7954891891721947,15
ɖ,6,88,2.5427262206768266,160
ɖr̠͓,1,88,3.7954891891721947,1
ɗ,2,88,3.39002408106403,194
ə,30,88,1.0546491652469936,443
əi,1,88,3.7954891891721947,13
əy,1,88,3.7954891891721947,1
əː,2,88,3.39002408106403,85
ə̃,1,88,3.7954891891721947,53
ə̤,1,88,3.7954891891721947,3
ɛ,30,88,1.0546491652469936,759
ɛo,1,88,3.7954891891721947,2
ɛə,1,88,3.7954891891721947,3
ɛː,6,88,2.5427262206768266,225
ɛ̃,2,88,3.39002408106403,175
ɛ̃ə,1,88,3.7954891891721947,1
ɛ̤,1,88,3.7954891891721947,13
ɞ,1,88,3.7954891891721947,4
ɟ,12,88,1.9236870122706031,252
ɡ,55,88,0.46328467899699055,1146
ɡʷ,1,88,3.7954891891721947,129
ɡː,1,88,3.7954891891721947,36
ɣ,8,88,2.2914117923959205,269
ɤ,2,88,3.39002408106403,47
ɦ,1,88,3.7954891891721947,56
ɨ,5,88,2.6968769005040847,360
ɪ,6,88,2.5427262206768266,287
ɪ̤,1,88,3.7954891891721947,2
ɭ,1,88,3.7954891891721947,239
ɮ,2,88,3.39002408106403,37
ɯ,7,88,2.409194828052304,116
ɯə,2,88,3.39002408106403,4
ɯː,1,88,3.7954891891721947,28
ɯ̃,1,88,3.7954891891721947,25
ɯ̃ə,1,88,3.7954891891721947,1
ɰ,3,88,3.1023420086122493,44
ɲ,33,88,0.9622758451159784,878
ɲj,1,88,3.7954891891721947,2
ɲ̥,2,88,3.39002408106403,15
ɲ̩,1,88,3.7954891891721947,2
ɳʈ,1,88,3.7954891891721947,1
ɸ,4,88,2.8791984572980396,101
ɹ,2,88,3.39002408106403,31
ɺ,1,88,3.7954891891721947,24
ɺ̠,1,88,3.7954891891721947,5
ɻ,2,88,3.39002408106403,218
ɻː,1,88,3.7954891891721947,1
ɽ,1,88,3.7954891891721947,109
ɾ,10,88,2.0907410969337694,507
ɾ̥,1,88,3.7954891891721947,5
ɾ̪,1,88,3.7954891891721947,8
ɾ̪|ɾ,1,88,3.7954891891721947,10
ʁ,3,88,3.1023420086122493,83
ʂ,3,88,3.1023420086122493,123
ʂ͇,1,88,3.7954891891721947,2
ʃ,4,88,2.8791984572980396,684
ʈ,5,88,2.6968769005040847,309
ʈɹ̠̥,1,88,3.7954891891721947,1
ʈʂ,3,88,3.1023420086122493,68
ʈʰ,1,88,3.7954891891721947,71
ʉ,3,88,3.1023420086122493,49
ʊ,4,88,2.8791984572980396,269
ʊː,1,88,3.7954891891721947,66
ʊ̤,1,88,3.7954891891721947,3
ʋ,1,88,3.7954891891721947,31
ʌ,3,88,3.1023420086122493,86
ʌi,1,88,3.7954891891721947,2
ʌə,1,88,3.7954891891721947,1
ʌ̃,1,88,3.7954891891721947,14
ʍ,2,88,3.39002408106403,26
ʐ,2,88,3.39002408106403,61
ʒ,1,88,3.7954891891721947,267
ʔ,42,88,0.7274362540385775,731
ʔʷ,1,88,3.7954891891721947,14
ʝ,1,88,3.7954891891721947,44
ˀb,1,88,3.7954891891721947,4
ˀd,1,88,3.7954891891721947,2
β,14,88,1.7805861686299298,226
βʲ,1,88,3.7954891891721947,9
βʷ,1,88,3.7954891891721947,3
θ,4,88,2.8791984572980396,74
θ̰,1,88,3.7954891891721947,1
ᶑ,1,88,3.7954891891721947,6
ɓ̥,0,88,NA,8
i̞,0,88,NA,5
t̠ʃʼ,0,88,NA,110
tsʼ,0,88,NA,82
e̞ː,0,88,NA,29
ɔ̝,0,88,NA,3
tɕ,0,88,NA,74
dʑ,0,88,NA,49
˥,0,88,NA,52
ɕ,0,88,NA,70
˧,0,88,NA,237
ɡb,0,88,NA,284
ɥ,0,88,NA,26
˨,0,88,NA,433
˦,0,88,NA,437
ʊ̃,0,88,NA,58
ɪ̃,0,88,NA,62
R̪|R,0,88,NA,28
tʼ,0,88,NA,111
tsʰ,0,88,NA,117
tʷʼ,0,88,NA,2
χʷˤ,0,88,NA,3
tʷʰ,0,88,NA,3
kʲʰ,0,88,NA,10
χʲ,0,88,NA,1
t̠ʆʷʰ,0,88,NA,1
χʷ,0,88,NA,35
t̠ʆ,0,88,NA,1
t̠ʆʷʼ,0,88,NA,1
äː,0,88,NA,19
χ,0,88,NA,131
t̠ʆʰ,0,88,NA,1
ʓʷ,0,88,NA,2
χˤ,0,88,NA,3
qʷʼ,0,88,NA,14
ʒʷ,0,88,NA,9
kʼ,0,88,NA,153
ɖʐ,0,88,NA,29
kʲʼ,0,88,NA,11
ʓ,0,88,NA,2
pʼ,0,88,NA,105
qʲʼ,0,88,NA,1
ʆ,0,88,NA,2
d̠ʓʷ,0,88,NA,2
kʷʰ,0,88,NA,29
qʼ,0,88,NA,52
ʆʷ,0,88,NA,2
ʃʷ,0,88,NA,24
ʈʂʼ,0,88,NA,8
ħʷ,0,88,NA,3
dʷ,0,88,NA,18
d̠ʓ,0,88,NA,1
ʈʂʰ,0,88,NA,32
kʷʼ,0,88,NA,42
ʁʲ,0,88,NA,1
ɡʲ,0,88,NA,47
ɥˤ,0,88,NA,1
ʁʷ,0,88,NA,16
↓˦,0,88,NA,9
˨˦,0,88,NA,94
˦˨,0,88,NA,112
ẽ̞,0,88,NA,29
ŋ̊,0,88,NA,8
uɑ,0,88,NA,5
uɑi,0,88,NA,1
pʲʰ,0,88,NA,10
uɑ̃,0,88,NA,3
m̥ʲ,0,88,NA,2
ɑi,0,88,NA,5
iɛ̃,0,88,NA,2
iɑu,0,88,NA,1
ɛi,0,88,NA,7
ɑu,0,88,NA,4
iɑ,0,88,NA,5
tɕʰ,0,88,NA,34
uɛ,0,88,NA,4
ʑ,0,88,NA,49
iɛ,0,88,NA,11
ɹ̪̩,0,88,NA,4
ɲ̊,0,88,NA,8
ɪː,0,88,NA,70
ɲː,0,88,NA,30
ɨ̃,0,88,NA,93
ɨː,0,88,NA,67
ʔʲ,0,88,NA,13
↓,0,88,NA,5
aɛ,0,88,NA,4
ɔu,0,88,NA,4
ɳ,0,88,NA,264
ȴ,0,88,NA,148
ȵ,0,88,NA,264
ȶ,0,88,NA,213
ʔʷʼ,0,88,NA,1
ʆʷʼ,0,88,NA,1
pʷʼ,0,88,NA,1
ʆʼ,0,88,NA,1
ʔʼ,0,88,NA,1
tɕʼ,0,88,NA,2
qʷ,0,88,NA,23
ɬ,0,88,NA,102
t̠ʆʷ,0,88,NA,1
ɬʼ,0,88,NA,4
t̪θʼ,0,88,NA,4
a̟,0,88,NA,22
pfʼ,0,88,NA,1
cʼ,0,88,NA,18
ʕ,0,88,NA,37
oɘ,0,88,NA,1
œu,0,88,NA,1
œi,0,88,NA,2
ɪ̝,0,88,NA,1
øɘ,0,88,NA,1
ɘi,0,88,NA,1
eɘ,0,88,NA,1
yː,0,88,NA,38
ɒː,0,88,NA,7
bv,0,88,NA,16
pf,0,88,NA,30
ȶ͈,0,88,NA,50
l̺,0,88,NA,83
t̪͈,0,88,NA,35
p͉,0,88,NA,55
r̺,0,88,NA,84
n̺,0,88,NA,86
t̪͉,0,88,NA,34
ɹ̺,0,88,NA,72
t̺͈,0,88,NA,18
ȶ͉,0,88,NA,48
t̺͉,0,88,NA,18
k͉,0,88,NA,54
ɟʝʷ,0,88,NA,3
ɟʝ,0,88,NA,73
ɲʷ,0,88,NA,16
cçʷ,0,88,NA,2
jʷ,0,88,NA,19
ʌː,0,88,NA,16
ʌ̤,0,88,NA,4
ɛ̤ː,0,88,NA,6
ɤ̤,0,88,NA,4
ɤː,0,88,NA,10
ɯ̤a,0,88,NA,1
a̤,0,88,NA,16
ṳa,0,88,NA,1
ʌ̤ː,0,88,NA,2
ua,0,88,NA,33
ṳː,0,88,NA,6
ɑ̤ː,0,88,NA,1
ɯ̤ː,0,88,NA,1
o̤ː,0,88,NA,4
ɔ̤ː,0,88,NA,6
e̤ː,0,88,NA,4
a̤ː,0,88,NA,5
ɯ̤,0,88,NA,7
ɤ̤ː,0,88,NA,1
i̤a,0,88,NA,1
ɯa,0,88,NA,9
i̤ː,0,88,NA,6
tɬʼ,0,88,NA,18
dɮ,0,88,NA,3
tɬʰ,0,88,NA,8
qʰ,0,88,NA,46
ɢ,0,88,NA,28
β̞,0,88,NA,18
t̪s̪|ts,0,88,NA,22
ⱱ,0,88,NA,20
ɾʲ,0,88,NA,20
N,0,88,NA,9
cçʷʰ,0,88,NA,1
øː,0,88,NA,29
çʷ,0,88,NA,2
cçʰ,0,88,NA,36
˩,0,88,NA,37
ŋmɡb,0,88,NA,75
ɬ̪|ɬ,0,88,NA,15
hː,0,88,NA,10
wː,0,88,NA,29
ʔː,0,88,NA,14
d̠ʒː,0,88,NA,20
t̠ʃʼː,0,88,NA,14
kʼː,0,88,NA,14
ʒː,0,88,NA,12
pʼː,0,88,NA,9
tʼː,0,88,NA,13
ʃː,0,88,NA,31
zː,0,88,NA,19
jː,0,88,NA,38
ᴅ,0,88,NA,4
n̠,0,88,NA,23
t̠,0,88,NA,8
ɳɖ,0,88,NA,8
ɯ̞,0,88,NA,5
n̠d̠,0,88,NA,1
l̠,0,88,NA,4
j̥,0,88,NA,15
qˤ,0,88,NA,2
o̞̜ː,0,88,NA,1
ə̞̆,0,88,NA,1
l̪ʲ,0,88,NA,3
n̪ʲ,0,88,NA,4
ʡˤ,0,88,NA,1
ɳʷ,0,88,NA,6
ʈʷ,0,88,NA,6
ȴʷ,0,88,NA,6
l̪ʷ,0,88,NA,7
ɻʷ,0,88,NA,9
ȵʷ,0,88,NA,6
rʷ,0,88,NA,16
tʷ,0,88,NA,38
ȶʷ,0,88,NA,6
t̪ʷ,0,88,NA,7
lʷ,0,88,NA,23
ɭʷ,0,88,NA,7
n̪ʷ,0,88,NA,6
nʷ,0,88,NA,26
ɺ̺̠,0,88,NA,4
õː,0,88,NA,37
ẽː,0,88,NA,28
ãː,0,88,NA,57
ĩː,0,88,NA,63
R,0,88,NA,7
bʲ,0,88,NA,34
d̠ʒʷ,0,88,NA,14
t̠ʃʲ,0,88,NA,8
sʷ,0,88,NA,28
sʲ,0,88,NA,30
ɲɟ,0,88,NA,36
ɲcʰ,0,88,NA,2
mpʰ,0,88,NA,9
ŋkʰ,0,88,NA,7
ɳɖʐ,0,88,NA,12
n̠t̠ʃʰ,0,88,NA,5
ntʰ,0,88,NA,6
ntsʰ,0,88,NA,4
sʼː,0,88,NA,3
sʼ,0,88,NA,14
hʷ,0,88,NA,42
ɵ,0,88,NA,24
ʈ͈,0,88,NA,33
ʈ͉,0,88,NA,34
t͉,0,88,NA,35
ɡʷː,0,88,NA,1
kʷʼː,0,88,NA,2
kʷː,0,88,NA,6
xʷː,0,88,NA,1
h̃,0,88,NA,4
tɬʼː,0,88,NA,3
ɢʷ,0,88,NA,7
qʷʼː,0,88,NA,1
ʔ̃,0,88,NA,1
xː,0,88,NA,13
tsʼː,0,88,NA,6
tsː,0,88,NA,8
qʷː,0,88,NA,1
ɬː,0,88,NA,4
tɬː,0,88,NA,2
χː,0,88,NA,7
qː,0,88,NA,9
qʼː,0,88,NA,3
χʷː,0,88,NA,2
ɤ̃,0,88,NA,6
ɒ̃,0,88,NA,4
w̤,0,88,NA,5
ɲ̤,0,88,NA,5
ɱ,0,88,NA,11
l̤,0,88,NA,16
j̤,0,88,NA,1
˨˩,0,88,NA,1
r̤,0,88,NA,6
˧˥,0,88,NA,7
m̤,0,88,NA,20
n̤,0,88,NA,9
ə̆,0,88,NA,9
t̺,0,88,NA,64
ʊɔ,0,88,NA,1
ɪɛ,0,88,NA,1
˩˥,0,88,NA,41
uo,0,88,NA,5
ie,0,88,NA,21
nz,0,88,NA,39
ɱv,0,88,NA,39
˥˩,0,88,NA,48
lʲ,0,88,NA,45
ũː,0,88,NA,65
ɘ,0,88,NA,31
k̙,0,88,NA,2
ɨ̃ː,0,88,NA,5
hʲ,0,88,NA,23
s̺,0,88,NA,12
u̯,0,88,NA,7
ɟʝ̞,0,88,NA,1
ɾ̞,0,88,NA,1
ʎ,0,88,NA,74
i̯,0,88,NA,8
ɫ,0,88,NA,18
d̪ː,0,88,NA,9
ɗː,0,88,NA,8
i̞ː,0,88,NA,3
t̪ʼ,0,88,NA,27
t̪ʼː,0,88,NA,1
u̞,0,88,NA,9
t̠ʃʰː,0,88,NA,5
u̞ː,0,88,NA,4
kʰː,0,88,NA,4
ɾː,0,88,NA,2
ɓ̥ː,0,88,NA,1
ɛ̝ː,0,88,NA,2
ɔ̝ː,0,88,NA,2
ɛ̝,0,88,NA,3
qχʷʼ,0,88,NA,1
qχˤʼ,0,88,NA,1
s̪ː|sː,0,88,NA,2
t̪s̪ʼ|tsʼ,0,88,NA,10
t̪ɬ̪ʼ|tɬʼ,0,88,NA,8
iˤ,0,88,NA,4
qχ,0,88,NA,4
qχʷ,0,88,NA,2
qχʷˤ,0,88,NA,1
t̪s̪ʼː|tsʼː,0,88,NA,2
qχˤ,0,88,NA,1
t̪ɬ̪ʰ|tɬʰ,0,88,NA,2
t̪ː|tː,0,88,NA,1
t̪ʼ|tʼ,0,88,NA,13
qχʼ,0,88,NA,4
ʁˤ,0,88,NA,3
qχʷˤʼ,0,88,NA,1
uˤ,0,88,NA,5
χʷˤː,0,88,NA,1
ɬ̪ʷː|ɬʷː,0,88,NA,1
ɬ̪ː|ɬː,0,88,NA,2
qχˤː,0,88,NA,1
ʁʷˤ,0,88,NA,2
o̞ˤ,0,88,NA,3
aˤ,0,88,NA,5
qχʼː,0,88,NA,3
e̞ˤ,0,88,NA,4
χˤː,0,88,NA,1
uɨ,0,88,NA,1
ue,0,88,NA,10
iɨ,0,88,NA,1
ndɾ,0,88,NA,2
ˀw,0,88,NA,6
ˀj,0,88,NA,7
tɾ,0,88,NA,2
dɾ,0,88,NA,2
ɡ̤,0,88,NA,19
b̤,0,88,NA,42
d̤,0,88,NA,11
˨˧,0,88,NA,24
˧˨,0,88,NA,22
œ̃,0,88,NA,2
˥˨,0,88,NA,1
˥˧,0,88,NA,2
ɐː,0,88,NA,7
t̪ɬ̪ː|tɬː,0,88,NA,1
ʕ̝,0,88,NA,2
kxʼː,0,88,NA,2
kxː,0,88,NA,1
qχː,0,88,NA,1
t̪s̪ː|tsː,0,88,NA,1
t̪ɬ̪ʼː|tɬʼː,0,88,NA,1
ɦʷ,0,88,NA,2
tr,0,88,NA,6
wˀ,0,88,NA,5
d̪̤,0,88,NA,30
ɟ̤ʝ,0,88,NA,20
ɡʱ,0,88,NA,31
ɽ̤,0,88,NA,11
ɖ̤,0,88,NA,29
ŋɡʲ,0,88,NA,8
a̰,0,88,NA,19
ḭ,0,88,NA,18
ɛ̰,0,88,NA,5
o̰,0,88,NA,13
ḛ,0,88,NA,14
ɯ̰,0,88,NA,2
ɹ̪̰̩,0,88,NA,1
ṵ,0,88,NA,15
ʕʷ,0,88,NA,2
ʄ,0,88,NA,30
ɗʲ,0,88,NA,3
ə̃ː,0,88,NA,15
ɐ̃,0,88,NA,5
ɜ,0,88,NA,18
ɜː,0,88,NA,3
↓˦˨,0,88,NA,1
˨˧˨,0,88,NA,1
˦↓˦,0,88,NA,3
ndʑ,0,88,NA,15
ɕʰ,0,88,NA,4
sʰ,0,88,NA,11
uɔ,0,88,NA,6
io,0,88,NA,8
ʃʰ,0,88,NA,3
yɛ,0,88,NA,1
iɔ,0,88,NA,4
iø,0,88,NA,1
br,0,88,NA,1
ð̞,0,88,NA,4
eːi̯,0,88,NA,1
æi̯,0,88,NA,3
ɑːi̯,0,88,NA,1
oːu̯,0,88,NA,1
ɔi̯,0,88,NA,2
ŋʱ,0,88,NA,1
ɱf,0,88,NA,11
nθ,0,88,NA,1
aˑ,0,88,NA,6
iˑ,0,88,NA,7
uˑ,0,88,NA,5
oˑ,0,88,NA,6
eˑ,0,88,NA,5
t̠ʃʷ,0,88,NA,19
fʷ,0,88,NA,31
ɲc,0,88,NA,4
mpʲ,0,88,NA,2
zʲ,0,88,NA,18
wʲ,0,88,NA,8
fʲ,0,88,NA,22
kx,0,88,NA,6
ʱm,0,88,NA,4
ʱɾ̪,0,88,NA,1
ʱn̪,0,88,NA,2
ʃʼ,0,88,NA,4
nˀ,0,88,NA,6
χʼ,0,88,NA,2
lˀ,0,88,NA,2
mˀ,0,88,NA,6
jˀ,0,88,NA,8
ʱn,0,88,NA,2
ʱw,0,88,NA,2
ɟː,0,88,NA,8
ɪ̞,0,88,NA,3
ʊ̞̈,0,88,NA,1
ɕː,0,88,NA,5
ʉ̞,0,88,NA,2
ɪ̞̈,0,88,NA,1
s̪̻,0,88,NA,1
˧˩,0,88,NA,8
t̪̻s̪̻,0,88,NA,1
eu̯,0,88,NA,4
t̺s̺,0,88,NA,4
oi̯,0,88,NA,7
ei̯,0,88,NA,7
ɲʄ,0,88,NA,1
ɗ̪,0,88,NA,4
ʡ,0,88,NA,2
ʜ,0,88,NA,4
ĩ̯,0,88,NA,3
ɔ̃ː,0,88,NA,27
pfʰ,0,88,NA,3
ɛ̃ː,0,88,NA,30
cçʼ,0,88,NA,5
æ̞̃,0,88,NA,14
ɗ̪|ɗ,0,88,NA,9
s̪ʼ|sʼ,0,88,NA,3
t̻,0,88,NA,9
t̻ʰ,0,88,NA,2
ə̠̃,0,88,NA,1
ɨ̞,0,88,NA,6
d̺,0,88,NA,9
s̻̠,0,88,NA,1
ʊ̈i,0,88,NA,1
ʊ̞,0,88,NA,1
ɐi,0,88,NA,4
n̪̤,0,88,NA,6
əˑ,0,88,NA,1
ɨˑ,0,88,NA,1
ãũ,0,88,NA,2
ãĩ,0,88,NA,2
rʰ,0,88,NA,2
ŋʰ,0,88,NA,1
ɟ̤,0,88,NA,8
oʊ,0,88,NA,2
aʊ,0,88,NA,4
uɪ,0,88,NA,2
aɪ,0,88,NA,7
aɔ,0,88,NA,1
eʊ,0,88,NA,1
eɔ,0,88,NA,2
iʊ,0,88,NA,1
oɪ,0,88,NA,1
eɪ,0,88,NA,4
oɛ,0,88,NA,1
eo,0,88,NA,3
ẽĩ,0,88,NA,1
ɑe,0,88,NA,1
ɑ̃ĩ,0,88,NA,1
ɑ̃õ,0,88,NA,1
ɑo,0,88,NA,1
õũ,0,88,NA,1
ĩõ,0,88,NA,1
ĩã,0,88,NA,1
ao,0,88,NA,6
ɵː,0,88,NA,11
tʲʰ,0,88,NA,9
ᶑʼ,0,88,NA,3
r̪,0,88,NA,20
z̪,0,88,NA,41
ɬ̪,0,88,NA,8
ø̞,0,88,NA,12
ɛo̞,0,88,NA,1
ao̞,0,88,NA,4
ɛ̃ɔ̃,0,88,NA,1
ɑ̃ɔ̃,0,88,NA,1
ɲɟʑ,0,88,NA,1
əu,0,88,NA,12
r̥,0,88,NA,24
j̊,0,88,NA,4
vʲ,0,88,NA,17
lˠ,0,88,NA,7
˧˨˧,0,88,NA,1
˦˧,0,88,NA,11
˧˦˧,0,88,NA,2
ʃʲ,0,88,NA,8
d̠ʒʲ,0,88,NA,5
j̪,0,88,NA,4
ʐ͇,0,88,NA,3
˥˦,0,88,NA,10
˩˨,0,88,NA,5
ɣʷ,0,88,NA,17
ɘ̃,0,88,NA,2
ã̈,0,88,NA,6
vː,0,88,NA,8
ɖː,0,88,NA,5
dzː,0,88,NA,5
ɳʈʂ,0,88,NA,3
nts,0,88,NA,6
ɫ̪,0,88,NA,3
sˤ,0,88,NA,7
ɯ̽,0,88,NA,6
r̠,0,88,NA,2
əɨ,0,88,NA,1
oə,0,88,NA,2
ɨə,0,88,NA,4
aə,0,88,NA,1
ɯ͓,0,88,NA,2
d̠ːʒ,0,88,NA,1
ɹ̪|ɹ,0,88,NA,1
ˀɲ,0,88,NA,5
ˀm,0,88,NA,8
w̃,0,88,NA,11
dˀ,0,88,NA,2
ʒˀ,0,88,NA,1
zˀ,0,88,NA,1
ʃˀ,0,88,NA,1
sˀ,0,88,NA,4
ɣˀ,0,88,NA,1
rˀ,0,88,NA,1
tˀ,0,88,NA,2
ɑy,0,88,NA,1
ɑɯ,0,88,NA,2
ʌɯ,0,88,NA,1
ʌy,0,88,NA,1
ɭ̤,0,88,NA,1
u̯õ,0,88,NA,3
u̯oː,0,88,NA,1
u̯o,0,88,NA,3
i̯e,0,88,NA,5
i̯ẽ,0,88,NA,2
y̯ø,0,88,NA,1
iẽ,0,88,NA,2
ʢ,0,88,NA,2
u̯õː,0,88,NA,1
ɑ̃ː,0,88,NA,9
xk,0,88,NA,1
ẽ̞ː,0,88,NA,4
yø,0,88,NA,3
ɔɪ,0,88,NA,4
ʊɪ,0,88,NA,3
ʊu,0,88,NA,2
ɐu,0,88,NA,3
ɛʊ,0,88,NA,1
ɥ̥,0,88,NA,1
w̞,0,88,NA,1
xʰ,0,88,NA,2
ʉː,0,88,NA,11
ʂʰ,0,88,NA,1
ʈʼ,0,88,NA,3
t̪θ,0,88,NA,3
t̪θʰ,0,88,NA,2
kxʷ,0,88,NA,1
tɬ,0,88,NA,12
tx,0,88,NA,4
ɾ̤,0,88,NA,3
tʲʼ,0,88,NA,2
iaː,0,88,NA,2
n̪t̪s̪ʰ,0,88,NA,2
n̪t̪,0,88,NA,2
n̪t̪ʰ,0,88,NA,2
n̪t̪s̪,0,88,NA,1
n̠̥,0,88,NA,2
n̪̥,0,88,NA,2
t̪s̪ʰ,0,88,NA,12
ɳʈʂʰ,0,88,NA,3
ɛɯ,0,88,NA,1
ɴq,0,88,NA,3
ɴqʰ,0,88,NA,2
ɔ̆,0,88,NA,1
wʼ,0,88,NA,1
ɹ̰ˤ,0,88,NA,1
ɹˤ,0,88,NA,1
ʕʼ,0,88,NA,1
nʼ,0,88,NA,2
yʼ,0,88,NA,1
ʕʷʼ,0,88,NA,1
lʼ,0,88,NA,3
mʼ,0,88,NA,2
tɬ̰,0,88,NA,1
q̰ʷ,0,88,NA,2
t̠ʃ̰,0,88,NA,5
ts̰,0,88,NA,4
q̰,0,88,NA,3
k̰ʷ,0,88,NA,3
j̰,0,88,NA,16
ɤ̟̞̃,0,88,NA,1
fʰ,0,88,NA,1
ɺ̪|ɺ,0,88,NA,2
d̠,0,88,NA,3
ʱɾ,0,88,NA,3
ou̯,0,88,NA,4
r̝,0,88,NA,1
äu̯,0,88,NA,3
ɛu̯,0,88,NA,3
d̪ɮ̪|dɮ,0,88,NA,3
t̪ɬ̪|tɬ,0,88,NA,3
kǀ͓,0,88,NA,5
ɗ̠,0,88,NA,1
ŋǀ͓,0,88,NA,5
yu,0,88,NA,1
øu,0,88,NA,2
i̯œ,0,88,NA,1
ɒu̯,0,88,NA,1
æʌ̯,0,88,NA,1
i̯ø,0,88,NA,1
i̯a,0,88,NA,5
i̯ɑ,0,88,NA,1
i̯æ,0,88,NA,1
iu̯,0,88,NA,3
iʌ̯,0,88,NA,1
i̯œ̞,0,88,NA,1
d̥z̥,0,88,NA,3
d̥,0,88,NA,5
ɑu̯,0,88,NA,1
i̯y,0,88,NA,1
œi̯,0,88,NA,2
ɑi̯,0,88,NA,1
eʌ̯,0,88,NA,1
œ̞,0,88,NA,3
b̥ʰ,0,88,NA,1
œu̯,0,88,NA,1
yu̯,0,88,NA,2
ʁ̞,0,88,NA,4
oʌ̯,0,88,NA,1
i̯ɒ,0,88,NA,1
i̯o,0,88,NA,2
æu̯,0,88,NA,2
yʌ̯,0,88,NA,1
ɡ̊,0,88,NA,7
øu̯,0,88,NA,1
b̥,0,88,NA,7
i̯u,0,88,NA,4
œ̞ʌ̯,0,88,NA,1
ɡ̊ʰ,0,88,NA,1
i̯ɔ,0,88,NA,3
øʌ̯,0,88,NA,1
uʌ̯,0,88,NA,1
i̯ɛ,0,88,NA,4
i̯ʌ,0,88,NA,1
zʷ,0,88,NA,12
ɓʲ,0,88,NA,2
ɒ̃ː,0,88,NA,1
˧˥˨,0,88,NA,1
æ̃ː,0,88,NA,5
˥˨˧,0,88,NA,1
ɡbʲ,0,88,NA,2
kpʲ,0,88,NA,3
yi̯,0,88,NA,2
ɔ̜,0,88,NA,1
ae̯,0,88,NA,2
ɔ̜ː,0,88,NA,2
ʉi̯,0,88,NA,1
ɞe̯,0,88,NA,1
œ̜ː,0,88,NA,1
œ̜,0,88,NA,1
xʲ,0,88,NA,10
t̠ʃʷʰ,0,88,NA,4
ɲ̰,0,88,NA,1
r̺͈,0,88,NA,5
d̤ʑ̤,0,88,NA,1
ɠ,0,88,NA,16
ðː,0,88,NA,4
qˤʼ,0,88,NA,2
t̪ɬ,0,88,NA,1
t̪ɬʼ,0,88,NA,1
d̺̥z̺̥,0,88,NA,1
t̺s̺ʼ,0,88,NA,1
ŭ,0,88,NA,2
ɐ̆,0,88,NA,1
ɡ̊ʷ,0,88,NA,1
d̺̥,0,88,NA,1
t̺ʰ,0,88,NA,4
t̺ʼ,0,88,NA,2
t̺s̺ʰ,0,88,NA,1
z̺,0,88,NA,8
ɪ̆,0,88,NA,2
s̪ˤ,0,88,NA,2
ʉi,0,88,NA,1
ps,0,88,NA,2
bz,0,88,NA,2
yœ,0,88,NA,1
ɯɑ,0,88,NA,2
z̪ˤ,0,88,NA,2
d̪ˤ,0,88,NA,2
t̪ˤ,0,88,NA,3
ɞʊ,0,88,NA,1
ʏ,0,88,NA,12
əʊ,0,88,NA,3
œʏ,0,88,NA,1
ɛɪ,0,88,NA,2
øy,0,88,NA,3
eə,0,88,NA,2
aːu,0,88,NA,2
ɛu,0,88,NA,2
ʏː,0,88,NA,3
ʀ,0,88,NA,9
d̠̤ʒ̤,0,88,NA,4
æɪ̯,0,88,NA,2
ã̈ː,0,88,NA,1
ɔʊ̯,0,88,NA,2
ɔ̃ʊ̯̃,0,88,NA,1
æ̃ɪ̯̃,0,88,NA,1
t̪̺,0,88,NA,2
ɪ̈,0,88,NA,3
ð̪̺,0,88,NA,2
y̞,0,88,NA,2
i̯au,0,88,NA,1
i̯aː,0,88,NA,1
u̯a,0,88,NA,4
i̯oi,0,88,NA,1
i̯uaː,0,88,NA,1
i̯ui,0,88,NA,1
i̯uː,0,88,NA,1
u̯aː,0,88,NA,1
u̯ai,0,88,NA,1
u̯i,0,88,NA,2
i̯oː,0,88,NA,1
i̯ai,0,88,NA,1
d̪n̪,0,88,NA,1
dn,0,88,NA,1
bm,0,88,NA,1
kŋ,0,88,NA,1
ɖɳ,0,88,NA,1
ȶȵ,0,88,NA,1
t͈ː,0,88,NA,1
t̠͈ʃː,0,88,NA,1
s͈ː,0,88,NA,1
k͈ː,0,88,NA,1
p͈ː,0,88,NA,1
ʃ͈ː,0,88,NA,1
o̙,0,88,NA,1
o̘,0,88,NA,1
u̙,0,88,NA,2
u̘,0,88,NA,1
ɠɓ,0,88,NA,4
i̘,0,88,NA,2
i̙,0,88,NA,1
e̘,0,88,NA,1
e̙,0,88,NA,1
tˤ,0,88,NA,4
ðˤ,0,88,NA,2
zˤː,0,88,NA,4
zˤ,0,88,NA,4
tˤː,0,88,NA,4
dˤ,0,88,NA,4
sˤː,0,88,NA,4
dˤː,0,88,NA,4
ʁː,0,88,NA,3
ʕː,0,88,NA,5
ħː,0,88,NA,5
ɡˡ,0,88,NA,1
ɤ̞,0,88,NA,8
ɳɖɽ,0,88,NA,2
n̪d̪z̪,0,88,NA,5
s͇,0,88,NA,1
a˞,0,88,NA,4
t͇s͇ʰ,0,88,NA,1
z͇,0,88,NA,2
ʈɽ̥ʰ,0,88,NA,1
nt͇s͇ʰ,0,88,NA,1
ɖɽ,0,88,NA,2
t͇s͇,0,88,NA,1
ɳʈɽ̥ʰ,0,88,NA,1
ntɕʰ,0,88,NA,2
ɹ̪̹̩,0,88,NA,2
d͇z͇,0,88,NA,1
ʈɽ̥,0,88,NA,1
nd͇z͇,0,88,NA,1
ə˞,0,88,NA,6
hʷʲ,0,88,NA,1
lʷʲ,0,88,NA,1
ɸʲ,0,88,NA,3
dzʷ,0,88,NA,4
nʷʲ,0,88,NA,1
dʷʲ,0,88,NA,2
tsʷ,0,88,NA,7
ɾʷʲ,0,88,NA,1
ɡʷʲ,0,88,NA,1
ɾʷ,0,88,NA,3
iˤæ,0,88,NA,1
iˤː,0,88,NA,2
oˤː,0,88,NA,2
oˤ,0,88,NA,4
uˤː,0,88,NA,2
s̠,0,88,NA,1
ˀy,0,88,NA,1
ˀl,0,88,NA,4
u̜,0,88,NA,2
i̜,0,88,NA,2
ʉu,0,88,NA,1
ɛa,0,88,NA,1
ɔa,0,88,NA,1
ŋʲ,0,88,NA,6
ɬʲ,0,88,NA,5
ts̪,0,88,NA,3
ɲʒ,0,88,NA,5
ŋb,0,88,NA,1
vʷ,0,88,NA,9
ɻʲ,0,88,NA,4
ɡǀ,0,88,NA,5
kǀʰ,0,88,NA,6
kǀ,0,88,NA,8
ɡm,0,88,NA,1
km,0,88,NA,1
d̞,0,88,NA,1
a̟ː,0,88,NA,6
n̻,0,88,NA,7
u̯e,0,88,NA,2
pt,0,88,NA,1
ɥ̃,0,88,NA,4
r̃,0,88,NA,7
l̃,0,88,NA,5
ỹ,0,88,NA,5
ʔˤ,0,88,NA,4
qχʰ,0,88,NA,1
tsʰː,0,88,NA,3
cʰː,0,88,NA,1
kʷʰː,0,88,NA,2
tɬʰː,0,88,NA,2
bβ,0,88,NA,1
pɸ,0,88,NA,1
d̪ð,0,88,NA,1
nɡ,0,88,NA,2
sᶣ,0,88,NA,1
sʷʲ,0,88,NA,1
ɾ̺,0,88,NA,5
nh,0,88,NA,2
cː,0,88,NA,7
cʼː,0,88,NA,4
ᶑʼː,0,88,NA,1
kǁ͓,0,88,NA,4
kǀ͓ʰ,0,88,NA,3
kǁ͓ʰ,0,88,NA,2
ŋǁ͓,0,88,NA,3
ŋ̥ǀ͓ˀ,0,88,NA,3
kǃ̠ʰ,0,88,NA,2
ŋ̥ǁ͓ˀ,0,88,NA,2
ŋǃ̠,0,88,NA,3
kǃ̠,0,88,NA,4
ŋ̥ǃ̠ˀ,0,88,NA,2
kǃ,0,88,NA,9
kǁ,0,88,NA,5
kǂ,0,88,NA,3
t̪ʲʰ|tʲʰ,0,88,NA,1
ɬ̪ʲ|ɬʲ,0,88,NA,1
s̪ʲ|sʲ,0,88,NA,2
n̪d̪ʲ|ndʲ,0,88,NA,1
u̽i,0,88,NA,1
ɔ̽,0,88,NA,2
i̞e̞,0,88,NA,1
ɔ̽i,0,88,NA,1
i̞ä,0,88,NA,1
iäu̽,0,88,NA,1
ɹ̩,0,88,NA,1
äi,0,88,NA,1
äu̽,0,88,NA,1
iɔ̽,0,88,NA,1
ɵ̞ː,0,88,NA,3
ɵ̞,0,88,NA,6
qʷʰ,0,88,NA,5
çʲ,0,88,NA,1
ʊˤ,0,88,NA,1
ɐˤ,0,88,NA,1
ɪˤ,0,88,NA,1
ɔˤ,0,88,NA,1
hʼ,0,88,NA,1
ɹ̥,0,88,NA,2
nd̪,0,88,NA,2
aɯ,0,88,NA,3
kǁkxʼ,0,88,NA,1
ɢʘ,0,88,NA,1
kǂh,0,88,NA,1
ɡǀkʰ,0,88,NA,1
ŋǂ,0,88,NA,2
kǂʰ,0,88,NA,2
kǀkxʼ,0,88,NA,1
ɢʱ,0,88,NA,1
ŋǁ,0,88,NA,4
kǀh,0,88,NA,1
t̪ʼkxʼ,0,88,NA,1
kǂʔ,0,88,NA,1
ŋʘ,0,88,NA,1
kǀx,0,88,NA,2
ɢǃqʰ,0,88,NA,1
kǁʔ,0,88,NA,1
ɡǀx,0,88,NA,2
ŋǀ,0,88,NA,4
kʘʰ,0,88,NA,1
kǁʰ,0,88,NA,4
ŋǃ,0,88,NA,6
ɢǁ,0,88,NA,1
qǁ,0,88,NA,1
kǃh,0,88,NA,1
ɢǃ,0,88,NA,1
t̪x,0,88,NA,1
uᴱ,0,88,NA,1
kǃkxʼ,0,88,NA,1
kǁh,0,88,NA,1
kǀʔ,0,88,NA,1
kʘ,0,88,NA,2
kʘʔ,0,88,NA,1
ʔŋǃ,0,88,NA,1
d̪ʼkxʼ,0,88,NA,1
ɢǀ,0,88,NA,1
kǃx,0,88,NA,3
kʘkxʼ,0,88,NA,1
ŋ̊ǁ,0,88,NA,1
pʼkxʼ,0,88,NA,1
kǂkxʼ,0,88,NA,1
ŋ̊ʘ,0,88,NA,1
dx,0,88,NA,2
kǃʰ,0,88,NA,6
kǃʔ,0,88,NA,1
tʼkxʼ,0,88,NA,1
ɡǁkxʼ,0,88,NA,1
ɢǀqʰ,0,88,NA,1
ɡǃkxʼ,0,88,NA,1
ɡʘ,0,88,NA,1
ɡʼkxʼ,0,88,NA,1
kʘx,0,88,NA,1
dʱ,0,88,NA,7
oᴱ,0,88,NA,1
ŋ̊ǂ,0,88,NA,1
ʔŋǂ,0,88,NA,1
ɡǁkʰ,0,88,NA,1
ʔŋʘ,0,88,NA,1
ɡʘkxʼ,0,88,NA,1
ŋ̊ǀ,0,88,NA,1
d̪ʱ,0,88,NA,5
ʔŋǁ,0,88,NA,1
kʘh,0,88,NA,1
qǀ,0,88,NA,1
ɡǂ,0,88,NA,3
ɡʘx,0,88,NA,1
dʼkxʼ,0,88,NA,1
aᴱ,0,88,NA,1
kxʼ,0,88,NA,3
qǀʼ,0,88,NA,1
ɡǂkʰ,0,88,NA,1
ʔŋǀ,0,88,NA,1
ɢǂ,0,88,NA,1
qǃ,0,88,NA,1
qǂʼ,0,88,NA,1
qǁʼ,0,88,NA,1
qǂ,0,88,NA,1
ɡǁ,0,88,NA,3
ɡǃx,0,88,NA,3
ˀn,0,88,NA,7
ŋ̊ǃ,0,88,NA,1
qǃʼ,0,88,NA,1
ɡǁx,0,88,NA,2
kǁx,0,88,NA,2
eˤ,0,88,NA,1
ɡǂkxʼ,0,88,NA,1
ɡʘkʰ,0,88,NA,1
kǂx,0,88,NA,2
qʘʼ,0,88,NA,1
ɢǁqʰ,0,88,NA,1
ɡǃkʰ,0,88,NA,1
ɡǃ,0,88,NA,5
qʘ,0,88,NA,1
d̪x,0,88,NA,1
ɡǀkxʼ,0,88,NA,1
ɡǂx,0,88,NA,2
ɮ̪,0,88,NA,2
ø̃ː,0,88,NA,3
ø̃,0,88,NA,1
ỹː,0,88,NA,3
cçː,0,88,NA,4
l̪ː,0,88,NA,3
r̪ː,0,88,NA,2
s̻,0,88,NA,12
n̪ː,0,88,NA,2
ɟʝː,0,88,NA,2
d̻z̻ː,0,88,NA,1
d̻z̻,0,88,NA,1
s̻ː,0,88,NA,1
z̻,0,88,NA,6
z̻ː,0,88,NA,1
t̻s̻ː,0,88,NA,1
t̻s̻,0,88,NA,3
t̻s̻ʰ,0,88,NA,1
t̠ʃʷʼ,0,88,NA,2
t̻s̻ʼ,0,88,NA,1
ɡ̰,0,88,NA,1
ɟ̰̩,0,88,NA,1
ŋˑ,0,88,NA,1
mpf,0,88,NA,1
ḁ,0,88,NA,1
e̞̥,0,88,NA,1
i̥,0,88,NA,3
o̞̥,0,88,NA,1
ɮ̪|ɮ,0,88,NA,2
u̥,0,88,NA,3
b͉,0,88,NA,1
ˀb͉,0,88,NA,1
β̃,0,88,NA,1
ɨ̃ĩ,0,88,NA,1
ɨi,0,88,NA,6
ɔ̃ĩ,0,88,NA,2
ðʲ,0,88,NA,3
ʍʲ,0,88,NA,1
ŋʷʲ,0,88,NA,1
ˀc,0,88,NA,1
ˀʍʲ,0,88,NA,1
ˀkp,0,88,NA,1
ˀk,0,88,NA,1
ˀɡb,0,88,NA,1
ʙ,0,88,NA,2
ɟʷ,0,88,NA,4
ˀʃʷ,0,88,NA,1
ˀs,0,88,NA,1
ɟʲ,0,88,NA,2
cʷ,0,88,NA,6
tɕʷ,0,88,NA,1
cʲ,0,88,NA,2
ˀʍ,0,88,NA,1
ˀɡʷ,0,88,NA,1
j̥ʷ,0,88,NA,1
k̟ʰ,0,88,NA,1
ɸ̃,0,88,NA,1
l̪ˠ,0,88,NA,2
ɾˠ,0,88,NA,2
l̥ʲ,0,88,NA,3
l̥ˠ,0,88,NA,1
ɾ̥ʲ,0,88,NA,2
ɸʷˠ,0,88,NA,1
ə̯,0,88,NA,1
ɾ̥ˠ,0,88,NA,1
ɤ̯,0,88,NA,1
n̥ˠ,0,88,NA,1
bʷˠ,0,88,NA,1
ɡ̟,0,88,NA,2
nˠ,0,88,NA,2
n̥ʲ,0,88,NA,2
pʷˠʰ,0,88,NA,1
ɯ̞̯,0,88,NA,1
e̯,0,88,NA,1
ë,0,88,NA,4
ï,0,88,NA,3
üː,0,88,NA,3
ë̞,0,88,NA,2
ö̞,0,88,NA,1
ö,0,88,NA,2
ʊ̈,0,88,NA,1
ɤ̞̃,0,88,NA,2
v̤,0,88,NA,4
t̠͉ʃ,0,88,NA,1
ɲ̟,0,88,NA,9
ʃ͉,0,88,NA,2
s͉,0,88,NA,2
ḭu,0,88,NA,1
ɮʲ,0,88,NA,2
n̪ʲ|nʲ,0,88,NA,2
˧˨ˤ,0,88,NA,1
˩̰,0,88,NA,1
ndzʷ,0,88,NA,1
ɡbʷ,0,88,NA,1
u̯ə̃,0,88,NA,1
u̯ə,0,88,NA,2
u̯ɛ̃,0,88,NA,1
u̯ã,0,88,NA,1
u̯ɔ̃,0,88,NA,1
u̯ɔ,0,88,NA,2
u̯ɛ,0,88,NA,2
i̯ɛ̃,0,88,NA,1
ʉ̃,0,88,NA,3
j̃,0,88,NA,8
ɴɢ,0,88,NA,3
ʔɾ,0,88,NA,1
t̪ɬ̪ʰ,0,88,NA,2
ɪ̃ː,0,88,NA,6
t̪ɬ̪ʼ,0,88,NA,1
t̪ɬ̪,0,88,NA,2
t̪s̪ʼ,0,88,NA,5
l̥ː,0,88,NA,2
ãẽ̞ˤ,0,88,NA,1
õ̞ˤ,0,88,NA,1
dzˠ,0,88,NA,1
kǂ͓ˡʰ,0,88,NA,1
ɡ̰ǃx,0,88,NA,1
ɡ̰ǂ͓ˡx,0,88,NA,1
ɔ̃ˤː,0,88,NA,1
ae̞,0,88,NA,3
kǂ͓ˡ,0,88,NA,1
kǀ͓x,0,88,NA,1
ŋ̥ǂxˀ,0,88,NA,1
tsˠ,0,88,NA,1
ɡǀ͓,0,88,NA,2
aˤː,0,88,NA,3
ŋ̥ǂ͓ˡˀ,0,88,NA,1
kǂ͓ˡx,0,88,NA,1
ŋ̥ǃˠˀ,0,88,NA,1
ae̞ˤ,0,88,NA,1
ũĩ,0,88,NA,3
õ̞ĩˤ,0,88,NA,1
ŋ̥ǃ,0,88,NA,2
ŋ̥ǃˀ,0,88,NA,2
dzʼ,0,88,NA,1
ao̞ˤ,0,88,NA,1
ɡ̤ǃ,0,88,NA,2
ɡ̰ǂx,0,88,NA,1
ŋ̥ǂ͓ˡʰ,0,88,NA,1
ŋ̤ǂ,0,88,NA,1
ɡǂ͓ˡ,0,88,NA,1
bʼ,0,88,NA,1
dˠ,0,88,NA,3
ɡ̰ǀ͓x,0,88,NA,1
ŋ̥ǂˀ,0,88,NA,1
ɡ̤ǂ,0,88,NA,1
ŋ̤ǃ,0,88,NA,2
ẽ̞ũ,0,88,NA,1
ŋ̥ǂʰ,0,88,NA,1
d̠ʒˠ,0,88,NA,1
õ̞ã,0,88,NA,1
õ̞ãˤ,0,88,NA,1
õ̞ĩ,0,88,NA,2
ŋˤ,0,88,NA,1
ŋ̤ǂ͓ˡ,0,88,NA,1
d̠ʒʼ,0,88,NA,2
ãˤː,0,88,NA,1
ŋ̥ǂ͓ˡxˀ,0,88,NA,1
ŋ̥ǀ͓ʰ,0,88,NA,2
ŋ̥ǀ͓xˀ,0,88,NA,1
ãõ̞ˤ,0,88,NA,1
o̞iˤ,0,88,NA,1
o̞ˤː,0,88,NA,1
ɡʼ,0,88,NA,2
ɡǀ͓x,0,88,NA,1
ŋ̤ǀ͓,0,88,NA,1
tˠ,0,88,NA,3
o̞e̞,0,88,NA,1
dz̤,0,88,NA,1
d̠ʒ̤,0,88,NA,4
ɡǂ͓ˡx,0,88,NA,1
ɡ̤ǀ͓,0,88,NA,1
dʼ,0,88,NA,3
ŋǂ͓ˡ,0,88,NA,1
o̞a,0,88,NA,1
ẽ̞ĩ,0,88,NA,2
ãˤ,0,88,NA,2
o̞aˤ,0,88,NA,1
t̠ʃˠ,0,88,NA,1
ɗʒ,0,88,NA,2
ɣʲ,0,88,NA,4
ɬ̪ʲ,0,88,NA,1
ɬ̪ʲʼ,0,88,NA,1
ɮ̪ʲ,0,88,NA,1
ʃ͇,0,88,NA,1
ʒ͇,0,88,NA,1
fʼ,0,88,NA,1
ɛˠ,0,88,NA,1
eˠ,0,88,NA,1
iˠ,0,88,NA,1
aˠ,0,88,NA,1
ɪˠ,0,88,NA,1
ɘː,0,88,NA,5
ɬ̪ː,0,88,NA,1
ø̞̜ː,0,88,NA,1
ø̞̜,0,88,NA,1
ə̟̆,0,88,NA,1
e̠̞,0,88,NA,1
o̟̞,0,88,NA,1
rʼ,0,88,NA,1
lʼː,0,88,NA,1
rʼː,0,88,NA,1
ɽ̩,0,88,NA,1
ɽ̃,0,88,NA,3
c̤,0,88,NA,1
ʈː,0,88,NA,7
ɓː,0,88,NA,6
ɔ̟̜,0,88,NA,1
ãɛ̃,0,88,NA,1
œ̃ɛ̃,0,88,NA,1
ħ̃ʲ,0,88,NA,1
ɞ̜ː,0,88,NA,1
ɪ̰,0,88,NA,1
pʰː,0,88,NA,2
ɛ̃ːi̯,0,88,NA,1
ɨ̞̰,0,88,NA,1
ʒ̊,0,88,NA,2
ɢ̥,0,88,NA,2
ɞ̜̃ː,0,88,NA,1
ɞ̜,0,88,NA,1
z̥,0,88,NA,3
ʉ̃ː,0,88,NA,2
ɟ̥ʝ̥,0,88,NA,1
ɞ̜̰,0,88,NA,1
ɨ̞ː,0,88,NA,1
ʉ̰,0,88,NA,1
ɨ̞̃ː,0,88,NA,1
ɔ̟̜̰,0,88,NA,1
ɔ̟̜̃ː,0,88,NA,1
ɔ̟̜ː,0,88,NA,1
o̞̙,0,88,NA,1
ɑ̙,0,88,NA,1
uu̯,0,88,NA,2
ɯ̙i̯,0,88,NA,1
ii̯,0,88,NA,2
ɯ̙,0,88,NA,1
kxʰː,0,88,NA,1
çː,0,88,NA,2
ĩ̞,0,88,NA,1
qχʰː,0,88,NA,1
y̤,0,88,NA,1
œ̤,0,88,NA,1
ɵ̤,0,88,NA,2
ɨ̘,0,88,NA,1
iæ,0,88,NA,2
ie̞,0,88,NA,3
uo̞,0,88,NA,1
yæ,0,88,NA,2
yø̞,0,88,NA,1
t̠ʃʲʰ,0,88,NA,1
ɨ̆,0,88,NA,2
ɳɖr,0,88,NA,1
ʈr,0,88,NA,3
ɖr,0,88,NA,3
ɲcʲ,0,88,NA,1
nsʷ,0,88,NA,3
ndʷ,0,88,NA,7
ntʷ,0,88,NA,3
k̟,0,88,NA,2
tsʷʰ,0,88,NA,3
cʷʰ,0,88,NA,2
uẽ,0,88,NA,2
ɵ̞̆,0,88,NA,1
ɒ̆,0,88,NA,1
ĕ̞,0,88,NA,1
ŏ̞,0,88,NA,1
ɨa,0,88,NA,3
nʲː,0,88,NA,1
r̥ʲ,0,88,NA,2
m̥ʲː,0,88,NA,1
ŋʲː,0,88,NA,1
m̥ː,0,88,NA,1
ɡ̊ː,0,88,NA,1
rʲː,0,88,NA,1
n̥ʲː,0,88,NA,1
ʰtsʲ,0,88,NA,1
ʰtɕ,0,88,NA,1
ʰts,0,88,NA,4
pʲː,0,88,NA,1
ɡʲː,0,88,NA,1
b̥ː,0,88,NA,1
ue̞,0,88,NA,1
ʝː,0,88,NA,1
n̥ː,0,88,NA,1
bʲː,0,88,NA,1
uä,0,88,NA,1
βʲː,0,88,NA,1
ʰt,0,88,NA,6
kʲː,0,88,NA,1
r̥ː,0,88,NA,1
d̥ː,0,88,NA,1
o̞ä,0,88,NA,1
ʰpʲ,0,88,NA,1
sʲː,0,88,NA,1
dzʲ,0,88,NA,4
ʰp,0,88,NA,5
lʲː,0,88,NA,1
fʲː,0,88,NA,1
d̥ʑ̥,0,88,NA,3
mʲː,0,88,NA,1
ʰk,0,88,NA,6
tsʲː,0,88,NA,1
zʲː,0,88,NA,1
l̥ʲː,0,88,NA,1
r̥ʲː,0,88,NA,1
tɕː,0,88,NA,1
ʰkʲ,0,88,NA,1
βː,0,88,NA,2
xʲː,0,88,NA,1
d̥z̥ʲ,0,88,NA,1
ʂː,0,88,NA,1
ʰtʲ,0,88,NA,1
ɽʱ,0,88,NA,3
ɴ,0,88,NA,4
d̪l̪,0,88,NA,1
a̟i,0,88,NA,1
ã̟ĩ,0,88,NA,1
ã̟,0,88,NA,4
˦˥˦,0,88,NA,1
ëː,0,88,NA,1
kpʰ,0,88,NA,2
nl,0,88,NA,1
l̻,0,88,NA,3
d̻,0,88,NA,5
ɘ̠,0,88,NA,2
ä̠,0,88,NA,3
ɨ̠,0,88,NA,2
t̻s̪̻,0,88,NA,3
ʎ̟,0,88,NA,4
ɵ̟,0,88,NA,1
e̠,0,88,NA,2
ɟ̟,0,88,NA,1
i̠,0,88,NA,1
ʉ̟,0,88,NA,2
å,0,88,NA,1
˨˦˨,0,88,NA,4
˦˨˦,0,88,NA,4
ɸː,0,88,NA,1
ɸʰ,0,88,NA,1
o̞̜,0,88,NA,1
ʊ̜,0,88,NA,2
ɑ̟ː,0,88,NA,1
ɨ̜,0,88,NA,1
ɜ̃,0,88,NA,1
ʌ̃ː,0,88,NA,2
ɯ̃ː,0,88,NA,4
ʊ̽,0,88,NA,1
ɐ̟,0,88,NA,1
i̽,0,88,NA,1
zˠ,0,88,NA,2
sˠ,0,88,NA,2
kǁʰʼ,0,88,NA,1
nʱ,0,88,NA,5
kǁxʼ,0,88,NA,1
d̠ʒxʼ,0,88,NA,1
ɡǀʱ,0,88,NA,1
ɡ‼ʱ,0,88,NA,1
ɡ‼xʼ,0,88,NA,1
t̠ʃx,0,88,NA,1
d̠ʒʰ,0,88,NA,1
ŋǃʱ,0,88,NA,1
k‼ʼ,0,88,NA,1
k‼xʼ,0,88,NA,1
ũˤ,0,88,NA,1
ɡǃʱ,0,88,NA,1
ŋ‼ʱ,0,88,NA,1
ɡǀxʼ,0,88,NA,1
kǁʼ,0,88,NA,1
ʼŋǀ,0,88,NA,1
ʼn,0,88,NA,2
ŋ‼,0,88,NA,1
kǀʼ,0,88,NA,2
mʱ,0,88,NA,6
k‼ʰ,0,88,NA,1
kǀʰʼ,0,88,NA,1
qm,0,88,NA,1
ʼm,0,88,NA,2
k‼x,0,88,NA,1
ɡ‼,0,88,NA,1
õ̰,0,88,NA,3
kǃʰʼ,0,88,NA,1
k‼ʰʼ,0,88,NA,1
kǃxʼ,0,88,NA,1
ɡ‼x,0,88,NA,1
ɡǁxʼ,0,88,NA,1
qn,0,88,NA,1
õˤ,0,88,NA,1
ʼŋǃ,0,88,NA,1
k‼,0,88,NA,1
tʰʼ,0,88,NA,1
kǀxʼ,0,88,NA,1
ŋǀʱ,0,88,NA,1
ɡǃxʼ,0,88,NA,1
bʱ,0,88,NA,10
kǃʼ,0,88,NA,1
ã̰,0,88,NA,6
n̠t̠ʃʷ,0,88,NA,1
jʔ,0,88,NA,1
ʉ̆,0,88,NA,1
õ̞ː,0,88,NA,3
s̪ː,0,88,NA,2
dzʱ,0,88,NA,2
m̥p,0,88,NA,1
ɸʷ,0,88,NA,1
˧˦,0,88,NA,4
ŏ̃,0,88,NA,1
ŋ̥ʲ,0,88,NA,1
ĭ,0,88,NA,1
ɛ̆̃,0,88,NA,1
ŭ̃,0,88,NA,1
ẵ,0,88,NA,1
ɛ̆,0,88,NA,1
ĕ,0,88,NA,2
ă,0,88,NA,2
˧˨˥,0,88,NA,2
˨˧˩,0,88,NA,1
t͈sʷ,0,88,NA,1
t̠͈ʃʷ,0,88,NA,1
s͈,0,88,NA,1
t̠͈ʃ,0,88,NA,1
t͈s,0,88,NA,1
tsʷʼ,0,88,NA,1
χ͈,0,88,NA,1
x͈ʷ,0,88,NA,1
q͈ʷ,0,88,NA,1
χ͈ʷ,0,88,NA,1
x͈,0,88,NA,1
ø̞ˤ,0,88,NA,1
ʃ͈ʷ,0,88,NA,1
q͈,0,88,NA,1
æˤ,0,88,NA,1
k͈ʷ,0,88,NA,1
ʃ͈,0,88,NA,1
xʼ,0,88,NA,2
˨˥˩,0,88,NA,2
ɣv,0,88,NA,1
ḭ̃,0,88,NA,5
ṵ̃,0,88,NA,3
ɡbː,0,88,NA,2
kpː,0,88,NA,2
ʄ̥,0,88,NA,3
ɗ̥,0,88,NA,4
ⱱ̟,0,88,NA,2
v̩,0,88,NA,2
z̩,0,88,NA,2
ɡ̩ʷ,0,88,NA,1
ɡ̩,0,88,NA,1
ɣ̩,0,88,NA,1
ɡb̩,0,88,NA,1
d̩,0,88,NA,1
b̩,0,88,NA,1
ŋ̩ʷ,0,88,NA,1
æi,0,88,NA,2
ðˠ,0,88,NA,1
æu,0,88,NA,1
ɪi,0,88,NA,1
ɾ̪ˠ,0,88,NA,1
mˠ,0,88,NA,1
˦˥,0,88,NA,5
ɪ̯,0,88,NA,1
ʊ̯,0,88,NA,1
ʒʲ,0,88,NA,3
ŋ̤,0,88,NA,3
iɪ̯,0,88,NA,2
nð,0,88,NA,1
ɾ̪̊ʰ,0,88,NA,1
ʱl,0,88,NA,1
ɾ̪̊,0,88,NA,1
ʱŋ,0,88,NA,1
æːʊ,0,88,NA,1
æːi,0,88,NA,1
ɑʊ,0,88,NA,2
ɜi,0,88,NA,1
mw,0,88,NA,1
uʌ,0,88,NA,2
uːa,0,88,NA,1
iːe,0,88,NA,1
uːʌ,0,88,NA,1
iːɛ,0,88,NA,1
ə̃ĩ,0,88,NA,1
ə̃ũ,0,88,NA,1
l̠˞,0,88,NA,2
ŋmkp,0,88,NA,4
ḛ̃,0,88,NA,2
ˀw̰,0,88,NA,1
ˀj̰,0,88,NA,1
↓˦↓˦,0,88,NA,1
pʷʰ,0,88,NA,1
ɑ̃˞,0,88,NA,1
u˞,0,88,NA,1
ə̃˞,0,88,NA,1
a̟˞,0,88,NA,1
w˞,0,88,NA,1
ɤ˞,0,88,NA,1
kɡ,0,88,NA,1
oɔ,0,88,NA,1
eɛ,0,88,NA,1
t̪ʲ,0,88,NA,6
d̤z,0,88,NA,1
ɳ̤,0,88,NA,1
ɖʱ,0,88,NA,3
ŋkʷ,0,88,NA,6
b̪,0,88,NA,1
n̠ʒ,0,88,NA,1
ɕʼ,0,88,NA,2
əu̯,0,88,NA,1
θʼ,0,88,NA,1
əi̯,0,88,NA,1
d̠ʒʱ,0,88,NA,3
n̠ʃ,0,88,NA,5
hᶣ,0,88,NA,1
ŋkʲ,0,88,NA,1
ŋhᶣ,0,88,NA,1
ŋhʲ,0,88,NA,1
ŋh,0,88,NA,1
ɱfʲ,0,88,NA,1
ŋhʷ,0,88,NA,1
mbˠ,0,88,NA,1
bˠ,0,88,NA,1
ŋɣʷ,0,88,NA,1
ŋɣ,0,88,NA,1
ŋɣʲ,0,88,NA,1
ŋɣᶣ,0,88,NA,1
ʰt̠ʃ,0,88,NA,4
˩˧˩,0,88,NA,1
d̪ʲ,0,88,NA,4
uai,0,88,NA,2
yo,0,88,NA,1
e̞u̯,0,88,NA,1
äi̯,0,88,NA,2
o̞i̯,0,88,NA,1
f̩,0,88,NA,1
ʋ̩,0,88,NA,1
s̩,0,88,NA,1
ɣː,0,88,NA,2
t̪ʰː,0,88,NA,1
θː,0,88,NA,1
ɬˠ,0,88,NA,1
ɡbr,0,88,NA,1
kpr,0,88,NA,1
mˤː,0,88,NA,1
fʷː,0,88,NA,1
rˤː,0,88,NA,1
lˤː,0,88,NA,2
bˤ,0,88,NA,1
mʷː,0,88,NA,1
lˤ,0,88,NA,5
bʷː,0,88,NA,1
mˤ,0,88,NA,1
bˤː,0,88,NA,1
z̪ː,0,88,NA,1
ɾˤ,0,88,NA,2
Rʲ,0,88,NA,1
ø̠,0,88,NA,1
ʊ̃ː,0,88,NA,3
ə̰,0,88,NA,1
ə̰̃,0,88,NA,1
oe̞,0,88,NA,1
kǃxʰ,0,88,NA,1
kǃ̠xʰ,0,88,NA,1
ŋ̥ǃ̠ʰ,0,88,NA,1
kǀ͓ˠʰ,0,88,NA,1
kxʰ,0,88,NA,3
ŋ̥ǁ͓ʰ,0,88,NA,1
kǁ͓xʰ,0,88,NA,1
m̥ʰ,0,88,NA,1
ɗʱ,0,88,NA,1
wʱ,0,88,NA,2
jʱ,0,88,NA,1
ɾʱ,0,88,NA,2
l̪̤|l̤,0,88,NA,2
n̪̤|n̤,0,88,NA,2
d̪̤|d̤,0,88,NA,2
d̪z̪̤|dz̤,0,88,NA,1
n̪̰,0,88,NA,2
ɪ̈ː,0,88,NA,1
ɪ̠,0,88,NA,1
ɜɪ̯,0,88,NA,1
nɗ,0,88,NA,3
mɓ,0,88,NA,2
ẅ,0,88,NA,1
ʈɽ,0,88,NA,1
ɟ̰,0,88,NA,2
uãː,0,88,NA,1
i̯ãː,0,88,NA,1
iã,0,88,NA,2
uaː,0,88,NA,1
uã,0,88,NA,2
ˀm̥,0,88,NA,1
ˀkʷ,0,88,NA,1
ˀj̥,0,88,NA,1
ˀw̥,0,88,NA,1
ˀt̪,0,88,NA,1
ˀt̪ɬ,0,88,NA,1
ˀp,0,88,NA,2
ˀt̪s,0,88,NA,1
t̪s,0,88,NA,3
ˀl̪̥,0,88,NA,1
ˀq,0,88,NA,1
ˀn̪̥,0,88,NA,1
kˀ,0,88,NA,4
pˀ,0,88,NA,3
t̠ʃˀ,0,88,NA,3
t̪s̪ˀ|tsˀ,0,88,NA,1
t̪ˀ|tˀ,0,88,NA,2
ʊa,0,88,NA,3
æɪ,0,88,NA,1
ʎː,0,88,NA,1
ˀmː,0,88,NA,1
ˀɲː,0,88,NA,1
ʰpː,0,88,NA,2
ʰtː,0,88,NA,2
ʰt̠ʃː,0,88,NA,2
ʰtsː,0,88,NA,2
ˀnː,0,88,NA,1
ʰkː,0,88,NA,2
ɶ,0,88,NA,1
ɯ̽ː,0,88,NA,1
ɞː,0,88,NA,1
ɶː,0,88,NA,1
β̞ˠ,0,88,NA,1
œ̞ː,0,88,NA,1
e˞,0,88,NA,1
i˞,0,88,NA,1
ye,0,88,NA,1
uəi,0,88,NA,1
lʔ,0,88,NA,1
nɮ,0,88,NA,1
ŋkx,0,88,NA,1
nɬ,0,88,NA,1
n̠t̠ʃʼ,0,88,NA,2
ntsʼ,0,88,NA,2
ɡbˤ,0,88,NA,1
ŋmˤ,0,88,NA,1
kpˤ,0,88,NA,1
ɔ̰,0,88,NA,4
ʎ̥,0,88,NA,1
ɸ̞,0,88,NA,1
ɲʼ,0,88,NA,1
ʎʼ,0,88,NA,1
ɲʱ,0,88,NA,2
ʎʱ,0,88,NA,1
lʱ,0,88,NA,2
ɒ̝,0,88,NA,1
ø̞ː,0,88,NA,2
æʉ,0,88,NA,1
iau,0,88,NA,1
ɯi,0,88,NA,2
n̪̥|n̥,0,88,NA,3
l̪̥|l̥,0,88,NA,3
õ̞ũ,0,88,NA,1
s̪ʰ|sʰ,0,88,NA,2
ɡ̤ʷ,0,88,NA,2
b̤ʲ,0,88,NA,1
ʟ͓̥,0,88,NA,1
R̪,0,88,NA,1
ɰ̰,0,88,NA,2
d̪̚,0,88,NA,1
ɗʷ,0,88,NA,2
ɓʷ,0,88,NA,2
ɵ̤ː,0,88,NA,1
ʊ̤ː,0,88,NA,1
æ̤ː,0,88,NA,1
æ̤,0,88,NA,1
ʊ̆,0,88,NA,1
ɯ̞̆,0,88,NA,1
d̪̰|d̰,0,88,NA,1
n̪̰|n̰,0,88,NA,4
ṳə̤,0,88,NA,1
R̪̥|R̥,0,88,NA,1
i̤ə̤,0,88,NA,1
ɯ̤ə̤,0,88,NA,1
n̠̥t̠ʃ,0,88,NA,1
n̥ʃ,0,88,NA,1
ɱ̥f,0,88,NA,1
ɡɓ,0,88,NA,1
i̯ei̯,0,88,NA,1
u̯ɛi̯,0,88,NA,1
u̯eu̯,0,88,NA,1
i̯ɛi̯,0,88,NA,1
u̯ei̯,0,88,NA,1
i̯au̯,0,88,NA,1
ɔu̯,0,88,NA,1
ɛi̯,0,88,NA,2
ɱð,0,88,NA,1
ɤ̞ː,0,88,NA,2
ɛ̞,0,88,NA,2
t̪ʙ,0,88,NA,1
d̠̰,0,88,NA,1
iʱ,0,88,NA,1
uʱ,0,88,NA,1
aʱ,0,88,NA,1
eʱ,0,88,NA,1
tsʲʰ,0,88,NA,1
ndzʲ,0,88,NA,1
tːs,0,88,NA,2
ŋʷː,0,88,NA,1
o̤i̤,0,88,NA,1
n̠̤,0,88,NA,1
a̤i̤,0,88,NA,1
l̠̤,0,88,NA,1
ɤ̤i̤,0,88,NA,1
io̞,0,88,NA,1
ɤi,0,88,NA,2
i̤ṳ,0,88,NA,1
ɔ̤i̤,0,88,NA,1
i̤a̤,0,88,NA,1
ʒ̤,0,88,NA,1
ṳa̤,0,88,NA,1
a̤ṳ,0,88,NA,1
ɯ̤i̤,0,88,NA,1
ṳi̤,0,88,NA,1
a̤ɯ̤,0,88,NA,1
i̤ɛ̤,0,88,NA,1
e̞o̞,0,88,NA,2
kᶣ,0,88,NA,1
ɡᶣ,0,88,NA,1
yə,0,88,NA,2
əʊɪ,0,88,NA,1
ya,0,88,NA,1
əɪa,0,88,NA,1
əɪ,0,88,NA,1
oəɪ,0,88,NA,1
iəɪ,0,88,NA,1
aʊɪ,0,88,NA,1
eəɪ,0,88,NA,1
t̪ʃ|t̠ʃ,0,88,NA,1
ʈ̻ʂ̻,0,88,NA,1
ʐ̻,0,88,NA,1
ɖ̻ʐ̻,0,88,NA,1
ʂ̻,0,88,NA,1
ɘ̟,0,88,NA,1
ũ̯,0,88,NA,2
ʛ̥,0,88,NA,1
ʱd,0,88,NA,2
ɾ̃,0,88,NA,1
ɨ˞,0,88,NA,2
aɨ,0,88,NA,1
əɯ,0,88,NA,1
n̪t̪s̪|nts,0,88,NA,1
ntɕ,0,88,NA,1
dz̪,0,88,NA,1
c̟,0,88,NA,2
z̪͇|z͇,0,88,NA,1
d̺̤,0,88,NA,1
d̤z̤,0,88,NA,1
ɛˑ,0,88,NA,3
ɔˑ,0,88,NA,2
e̤ˑ,0,88,NA,3
ɔ̤ˑ,0,88,NA,3
ṳˑ,0,88,NA,3
ɛ̤ˑ,0,88,NA,3
i̤ˑ,0,88,NA,3
a̤ˑ,0,88,NA,3
d̺ː,0,88,NA,1
t̺ː,0,88,NA,1
ɔ̯,0,88,NA,1
ɛ̯,0,88,NA,1
ɖʐʷ,0,88,NA,1
ʐʷ,0,88,NA,1
psʷ,0,88,NA,1
ɬʷ,0,88,NA,1
n̤ʷ,0,88,NA,1
ʈʂʷ,0,88,NA,1
psʷʰ,0,88,NA,1
dlʷ,0,88,NA,1
bzʷ,0,88,NA,1
r̺ʲ,0,88,NA,1
ɤ̟,0,88,NA,1
ʊi,0,88,NA,3
œ̞ɛ̞,0,88,NA,1
qʷˤʼ,0,88,NA,1
ɢʷˤ,0,88,NA,1
qʷˤʰ,0,88,NA,1
ɢˤ,0,88,NA,1
qˤʰ,0,88,NA,1
a̠ː,0,88,NA,1
a̠,0,88,NA,1
ʰkʰ,0,88,NA,1
d̥ʒ̊,0,88,NA,1
ʰtʰ,0,88,NA,1
ʰt̠ʃʰ,0,88,NA,1
ʰqʰ,0,88,NA,1
ʰtsʰ,0,88,NA,1
ʰʈʂʰ,0,88,NA,1
ʰpʰ,0,88,NA,1
ʰtɕʰ,0,88,NA,1
ɖ̥ʐ̥,0,88,NA,1
ʰsʰ,0,88,NA,1
kǀ͓ˀ,0,88,NA,1
kǁ͓ˀ,0,88,NA,1
kǃ̠ˀ,0,88,NA,1
ɡǁ͓,0,88,NA,1
ɡǃ̠,0,88,NA,1
ʈʂː,0,88,NA,1
cn̠,0,88,NA,1
˩˧,0,88,NA,2
ɔe,0,88,NA,2
θ̪,0,88,NA,2
u̠u,0,88,NA,1
ũã,0,88,NA,1
ɪ̃ə̃,0,88,NA,1
ii,0,88,NA,2
ɛ̃ũ,0,88,NA,1
ẽɪ̃,0,88,NA,1
ˀr,0,88,NA,2
ˀŋ,0,88,NA,1
ɑ̝,0,88,NA,1
æe,0,88,NA,1
ɟʱ,0,88,NA,1
ɳʱ,0,88,NA,1
ɪa,0,88,NA,1
ʊe,0,88,NA,1
ɪã,0,88,NA,1
vʱ,0,88,NA,1
o˞,0,88,NA,1
c̰,0,88,NA,2
ʃ̞ʼ,0,88,NA,1
ðʼ,0,88,NA,1
ɮʼ,0,88,NA,1
ʃ̞,0,88,NA,1
e̥ː,0,88,NA,1
e̥,0,88,NA,1
yɜ,0,88,NA,1
iæ̃,0,88,NA,1
yĩ,0,88,NA,1
uɛ̃,0,88,NA,1
yi,0,88,NA,1
uɜ,0,88,NA,1
uæ,0,88,NA,1
iɜ,0,88,NA,1
ʁ̞ʷ,0,88,NA,1
qˀ,0,88,NA,1
kʷˀ,0,88,NA,1
t̪ɬ̪ˀ|tɬˀ,0,88,NA,1
qʷˀ,0,88,NA,1
ʁ̞̰ʷ,0,88,NA,1
ɹ̪̩ˠ,0,88,NA,1
ɻ̩,0,88,NA,1
ɻ̹̩,0,88,NA,1
ʒ̩,0,88,NA,1
ɟɦ,0,88,NA,1
ɖɦ,0,88,NA,1
ɳɦ,0,88,NA,1
ɡɦ,0,88,NA,1
mɦ,0,88,NA,1
bɦ,0,88,NA,1
lɦ,0,88,NA,1
nɦ,0,88,NA,1
d̪ɦ,0,88,NA,1
z̞̩̃ˠ,0,88,NA,1
z̞̩ˠ,0,88,NA,1
uɐ,0,88,NA,1
ua̟,0,88,NA,1
ɑ̆,0,88,NA,1
iɐ,0,88,NA,1
ɛɐ,0,88,NA,1
ɛa̟,0,88,NA,1
ʊ̯ɔ,0,88,NA,1
ɪ̯ɛ,0,88,NA,1
ɪ̯a,0,88,NA,1
ɪ̯u̞,0,88,NA,1
ɖ̰,0,88,NA,1
R̪̰|R̰,0,88,NA,1
r̠ʲ,0,88,NA,1
r̪ʲ|rʲ,0,88,NA,1
t̪s̪ʲ|tsʲ,0,88,NA,1
β̞ʲ,0,88,NA,1
d̪z̪ʲ|dzʲ,0,88,NA,1
ʋʲ,0,88,NA,1
d̪z,0,88,NA,1
p˞,0,88,NA,1
p˞ʰ,0,88,NA,1
k˞ʰ,0,88,NA,1
ɜi̯,0,88,NA,1
ɻ̊,0,88,NA,1
l̪̊,0,88,NA,1
k˞,0,88,NA,1
n̪̊,0,88,NA,1
b˞,0,88,NA,1
ɡ˞,0,88,NA,1
ɤˑ,0,88,NA,1
pʃʰ,0,88,NA,1
fʃ,0,88,NA,1
pʃʼ,0,88,NA,1
o̤ˑ,0,88,NA,2
ḭˑ,0,88,NA,1
o̰ː,0,88,NA,1
a̰ː,0,88,NA,1
a̰ˑ,0,88,NA,1
ɛ̰ˑ,0,88,NA,1
ḭː,0,88,NA,1
ḛˑ,0,88,NA,1
ḛː,0,88,NA,1
ɛ̰ː,0,88,NA,1
ɔ̰ː,0,88,NA,1
o̰ˑ,0,88,NA,1
ɔ̰ˑ,0,88,NA,1
e̞̰,0,88,NA,2
ẽ̞̰,0,88,NA,1
õ̞̰,0,88,NA,1
o̞̰,0,88,NA,1
ɺ̠̰,0,88,NA,1
r̰,0,88,NA,1
ð͉,0,88,NA,1
ɔ̞,0,88,NA,1
dz̺,0,88,NA,1
ts̺,0,88,NA,1
iɪ,0,88,NA,1
eɪ̯,0,88,NA,1
ɚː,0,88,NA,1
ð̪,0,88,NA,1
d̪ʒ,0,88,NA,1
s̙ˤ,0,88,NA,1
d̙ˤ,0,88,NA,1
ð̪̙ˤ,0,88,NA,1
t̪̙ˤ,0,88,NA,1
xʀ̥,0,88,NA,1
ʕ̙,0,88,NA,1
ɰ̃,0,88,NA,1
n̠d̠ʒʷ,0,88,NA,2
nzʷ,0,88,NA,2
ɤ̃ː,0,88,NA,1
˨˦˧,0,88,NA,2
ʼj,0,88,NA,1
ʼɲ,0,88,NA,1
ʼw,0,88,NA,1
ʼɣ,0,88,NA,1
ʼŋ,0,88,NA,1
ʼd,0,88,NA,1
ʼɡ,0,88,NA,1
ʼb,0,88,NA,1
aːi,0,88,NA,1
ɲ̤ʱ,0,88,NA,1
ɲ̤cʰ,0,88,NA,1
ɱ̤f,0,88,NA,1
ŋ̤kʰ,0,88,NA,1
m̤ʱ,0,88,NA,1
m̤pʰ,0,88,NA,1
ŋ̤ʱ,0,88,NA,1
n̤s,0,88,NA,1
n̤ʱ,0,88,NA,1
n̤tʰ,0,88,NA,1
ɧ,0,88,NA,1
ɣ̊,0,88,NA,1
uə̯,0,88,NA,1
yə̯,0,88,NA,1
iə̯,0,88,NA,1
v̥,0,88,NA,1
r̪ˤ|rˤ,0,88,NA,1
kˤ,0,88,NA,1
d̪ˤ|dˤ,0,88,NA,1
l̪ˤ|lˤ,0,88,NA,1
s̪ˤ|sˤ,0,88,NA,1
t̪ˤ|tˤ,0,88,NA,1
z̪ˤ|zˤ,0,88,NA,1
rˤ,0,88,NA,1
nˤ,0,88,NA,1
nˤː,0,88,NA,1
tl,0,88,NA,1
ɘ̆,0,88,NA,1
ɵ̆,0,88,NA,1
ŏ,0,88,NA,1
ɯɪ̯,0,88,NA,1
ɤ̞̆,0,88,NA,1
jˤ,0,88,NA,1
wˤ,0,88,NA,1
pˤ,0,88,NA,1
l̪̥,0,88,NA,1
ɲɟʝ,0,88,NA,1
ɫ̥,0,88,NA,1
oä,0,88,NA,1
iɛi̯,0,88,NA,1
ɨi̯,0,88,NA,1
ã̟ː,0,88,NA,1
˦˩,0,88,NA,1
n̠t̠ʃɾ,0,88,NA,1
nɡɾ,0,88,NA,1
kpɾ,0,88,NA,1
nɾ,0,88,NA,1
nzɾ,0,88,NA,1
mbɾ,0,88,NA,1
mpʷ,0,88,NA,1
ntɾ,0,88,NA,1
pɾ,0,88,NA,1
ŋmkpɾ,0,88,NA,1
d̠ʒɾ,0,88,NA,1
ɡɾ,0,88,NA,1
ŋkɾ,0,88,NA,1
fɾ,0,88,NA,1
ŋɾ,0,88,NA,1
vɾ,0,88,NA,1
ɡbɾ,0,88,NA,1
kʷɾ,0,88,NA,1
zɾ,0,88,NA,1
mɾ,0,88,NA,1
nsɾ,0,88,NA,1
kɾ,0,88,NA,1
t̠ʃɾ,0,88,NA,1
bɾ,0,88,NA,1
ɱvʲ,0,88,NA,1
ɱfɾ,0,88,NA,1
sɾ,0,88,NA,1
mpɾ,0,88,NA,1
ɱvɾ,0,88,NA,1
ld,0,88,NA,1
ɨ̰,0,88,NA,1
ɬ̪ʼ|ɬʼ,0,88,NA,1
χʷʼ,0,88,NA,1
xʷʼ,0,88,NA,1
ɭ̥,0,88,NA,2
tsˀ,0,88,NA,1
ts͇,0,88,NA,1
ɠː,0,88,NA,1
æ̰,0,88,NA,1
ɵ̞̰,0,88,NA,1
ɛ̠,0,88,NA,1
ɯ̟,0,88,NA,1
ɤ̟̹,0,88,NA,1
w̥,0,88,NA,2
ṽ,0,88,NA,1
t̪s̪ʲ,0,88,NA,1
z̪ʲ,0,88,NA,1
ɞʏ̯,0,88,NA,1
ɔˤː,0,88,NA,1
aɵ̯,0,88,NA,1
ʊˤː,0,88,NA,1
ʌˤː,0,88,NA,1
ɑ̈,0,88,NA,1
ɑ̈ː,0,88,NA,1
ˀt,0,88,NA,1
ɵ̃,0,88,NA,1
ɱfʷ,0,88,NA,1
n̠ʃʷ,0,88,NA,1
iʌ,0,88,NA,1
ɯʌ,0,88,NA,1
ɜ̹ː,0,88,NA,1
ɜ̹,0,88,NA,1
ɨ̹,0,88,NA,1
ɽ̊,0,88,NA,1
ɨ̹ː,0,88,NA,1
n̪z̪|nz,0,88,NA,1
bˀ,0,88,NA,1
t̰s̰,0,88,NA,1
ɡɣ,0,88,NA,1
mbv,0,88,NA,1
ɪu,0,88,NA,1
ɵə,0,88,NA,1
ɪə,0,88,NA,2
s̪ʼ,0,88,NA,1
ᴅ̪,0,88,NA,1
ʂʼ,0,88,NA,1
ᴅ̪̰,0,88,NA,1
ɾˀ,0,88,NA,1
z̞̩,0,88,NA,1
ɡ̤̥,0,88,NA,1
˥˧˥,0,88,NA,1
ə̟,0,88,NA,1
tz̤̥,0,88,NA,1
d̤̥,0,88,NA,1
b̤̥,0,88,NA,1
øə,0,88,NA,1
ɔʏ,0,88,NA,1
ŋǁʼ,0,88,NA,1
ŋkʼ,0,88,NA,1
ɡ̤ǁ,0,88,NA,1
ɲcʼ,0,88,NA,1
ŋ̤ɡ̤,0,88,NA,1
ntʼ,0,88,NA,1
ɮ̤,0,88,NA,1
m̤b̤v̤,0,88,NA,1
m̤b̤,0,88,NA,1
ɡ̤ǀ,0,88,NA,1
ŋǃʼ,0,88,NA,1
mpʼ,0,88,NA,1
ŋ̤ǁ,0,88,NA,1
n̤d̤z̤,0,88,NA,1
ɦ̤,0,88,NA,1
ɣ̤,0,88,NA,1
ɲ̤ɟ̤,0,88,NA,1
ntlʼ,0,88,NA,1
ŋ̤ǀ,0,88,NA,1
z̤,0,88,NA,1
n̤d̤,0,88,NA,1
mpfʼ,0,88,NA,1
n̤d̤ɮ̤,0,88,NA,1
n̠̤d̠̤ʒ,0,88,NA,1
ʟ,0,88,NA,1
ɨɛ,0,88,NA,1
ɫ̺,0,88,NA,1
ɺ̥,0,88,NA,1
kǃ̪,0,88,NA,1
kǀʷ,0,88,NA,1
kǀʷʰ,0,88,NA,1
kǀ̪,0,88,NA,1
ɯ̝,0,88,NA,1
ɸʼ,0,88,NA,1
aːĭ,0,88,NA,1
ɵy,0,88,NA,1
ʊ̟,0,88,NA,1
aːŭ,0,88,NA,1
a̞,0,88,NA,1
iːŭ,0,88,NA,1
uːĭ,0,88,NA,1
ɔːĭ,0,88,NA,1
cˀ,0,88,NA,1
s̰,0,88,NA,1
n̪z̪,0,88,NA,1
ʰkʷ,0,88,NA,1
ʱj,0,88,NA,1
ʱb,0,88,NA,1
ʱɟ,0,88,NA,1
ʰc,0,88,NA,1
ʂ͉,0,88,NA,1
m͉,0,88,NA,1
t̠ʃ͉,0,88,NA,1
iˀ,0,88,NA,1
uˀ,0,88,NA,1
n͉,0,88,NA,1
oˀ,0,88,NA,1
k͉ʷ,0,88,NA,1
l͉,0,88,NA,1
eˀ,0,88,NA,1
aˀ,0,88,NA,1
kʟ̥ʼ,0,88,NA,1
kǃ͓,0,88,NA,1
xh,0,88,NA,1
