"phoneme","ruhlen_ipa","ipa","class","modification_type","global_n_ruhlen","global_n_phoible","IDF_ruhlen","IDF_phoible","idf_shift","variance_shift_dir","in_ruhlen","in_phoible"
"phoneme_149","qʘʰ","qʘʰ","click","aspirated",1,NA,1,NA,NA,NA,TRUE,FALSE
"phoneme_150","G!ʰ","G!ʰ","click","aspirated",1,NA,1,NA,NA,NA,TRUE,FALSE
"phoneme_151","Gʘʰ","Gʘʰ","click","aspirated",1,NA,1,NA,NA,NA,TRUE,FALSE
"phoneme_163","q!ʰ","q!ʰ","click","aspirated",1,NA,1,NA,NA,NA,TRUE,FALSE
"phoneme_166","/ʰ","/ʰ","click","aspirated",29,NA,1,NA,NA,NA,TRUE,FALSE
"phoneme_168","ǂʰ","ǂʰ","click","aspirated",19,NA,1,NA,NA,NA,TRUE,FALSE
"phoneme_198","n!ʰ","n!ʰ","click","aspirated",1,NA,1,NA,NA,NA,TRUE,FALSE
"phoneme_204","qǂʰ","qǂʰ","click","aspirated",1,NA,1,NA,NA,NA,TRUE,FALSE
"phoneme_209","G/ʰ","G/ʰ","click","aspirated",1,NA,1,NA,NA,NA,TRUE,FALSE
"phoneme_224","q/ʰ","q/ʰ","click","aspirated",1,NA,1,NA,NA,NA,TRUE,FALSE
"phoneme_230","ǁʰ","ǁʰ","click","aspirated",28,NA,1,NA,NA,NA,TRUE,FALSE
"phoneme_235","nǁʰ","nǁʰ","click","aspirated",1,NA,1,NA,NA,NA,TRUE,FALSE
"phoneme_243","n/ʰ","n/ʰ","click","aspirated",2,NA,1,NA,NA,NA,TRUE,FALSE
"phoneme_253","!ʰ","!ʰ","click","aspirated",26,NA,1,NA,NA,NA,TRUE,FALSE
"phoneme_270","Gǁʰ","Gǁʰ","click","aspirated",1,NA,1,NA,NA,NA,TRUE,FALSE
"phoneme_276","qǁʰ","qǁʰ","click","aspirated",1,NA,1,NA,NA,NA,TRUE,FALSE
"phoneme_281","Gǂʰ","Gǂʰ","click","aspirated",1,NA,1,NA,NA,NA,TRUE,FALSE
"phoneme_282","ʘʰ","ʘʰ","click","aspirated",3,NA,1,NA,NA,NA,TRUE,FALSE
"phoneme_153","nǂˀʰ","nǂˀʰ","click","aspirated+glottalized",1,NA,1,NA,NA,NA,TRUE,FALSE
"phoneme_162","n!ˀʰ","n!ˀʰ","click","aspirated+glottalized",1,NA,1,NA,NA,NA,TRUE,FALSE
"phoneme_186","n/ˀʰ","n/ˀʰ","click","aspirated+glottalized",1,NA,1,NA,NA,NA,TRUE,FALSE
"phoneme_208","nǁˀʰ","nǁˀʰ","click","aspirated+glottalized",1,NA,1,NA,NA,NA,TRUE,FALSE
"phoneme_215","ɡǂˀʰ","ɡǂˀʰ","click","aspirated+glottalized",1,NA,1,NA,NA,NA,TRUE,FALSE
"phoneme_222","!ˀʰ","!ˀʰ","click","aspirated+glottalized",1,NA,1,NA,NA,NA,TRUE,FALSE
"phoneme_225","ǂˀʰ","ǂˀʰ","click","aspirated+glottalized",1,NA,1,NA,NA,NA,TRUE,FALSE
"phoneme_233","/ˀʰ","/ˀʰ","click","aspirated+glottalized",1,NA,1,NA,NA,NA,TRUE,FALSE
"phoneme_241","ɡ!ˀʰ","ɡ!ˀʰ","click","aspirated+glottalized",1,NA,1,NA,NA,NA,TRUE,FALSE
"phoneme_256","ɡ/ˀʰ","ɡ/ˀʰ","click","aspirated+glottalized",1,NA,1,NA,NA,NA,TRUE,FALSE
"phoneme_272","ǁˀʰ","ǁˀʰ","click","aspirated+glottalized",1,NA,1,NA,NA,NA,TRUE,FALSE
"phoneme_277","ɡǁˀʰ","ɡǁˀʰ","click","aspirated+glottalized",1,NA,1,NA,NA,NA,TRUE,FALSE
"phoneme_223","n̥!ʰ","n̥!ʰ","click","aspirated+voiceless",2,NA,1,NA,NA,NA,TRUE,FALSE
"phoneme_242","n̥ǂʰ","n̥ǂʰ","click","aspirated+voiceless",2,NA,1,NA,NA,NA,TRUE,FALSE
"phoneme_265","n̥ǁʰ","n̥ǁʰ","click","aspirated+voiceless",2,NA,1,NA,NA,NA,TRUE,FALSE
"phoneme_274","n̥/ʰ","n̥/ʰ","click","aspirated+voiceless",2,NA,1,NA,NA,NA,TRUE,FALSE
"phoneme_148","ˀnʘ","ˀnʘ","click","glottalized",1,NA,1,NA,NA,NA,TRUE,FALSE
"phoneme_156","/kˣˀ","/kˣˀ","click","glottalized",1,NA,1,NA,NA,NA,TRUE,FALSE
"phoneme_157","ǁkˣˀ","ǁkˣˀ","click","glottalized",1,NA,1,NA,NA,NA,TRUE,FALSE
"phoneme_160","ɡ/kˣˀ","ɡ/kˣˀ","click","glottalized",3,NA,1,NA,NA,NA,TRUE,FALSE
"phoneme_161","qǂˀ","qǂˀ","click","glottalized",1,NA,1,NA,NA,NA,TRUE,FALSE
"phoneme_165","ǁˣˀ","ǁˣˀ","click","glottalized",15,NA,1,NA,NA,NA,TRUE,FALSE
"phoneme_171","/ˀ","/ˀ","click","glottalized",28,NA,1,NA,NA,NA,TRUE,FALSE
"phoneme_173","qǁˀ","qǁˀ","click","glottalized",1,NA,1,NA,NA,NA,TRUE,FALSE
"phoneme_180","ǂkˣˀ","ǂkˣˀ","click","glottalized",1,NA,1,NA,NA,NA,TRUE,FALSE
"phoneme_185","q/ˀ","q/ˀ","click","glottalized",1,NA,1,NA,NA,NA,TRUE,FALSE
"phoneme_188","!ˣˀ","!ˣˀ","click","glottalized",14,NA,1,NA,NA,NA,TRUE,FALSE
"phoneme_194","ˀn!","ˀn!","click","glottalized",1,NA,1,NA,NA,NA,TRUE,FALSE
"phoneme_195","ɡǁkˣˀ","ɡǁkˣˀ","click","glottalized",3,NA,1,NA,NA,NA,TRUE,FALSE
"phoneme_196","+kˣˀ","+kˣˀ","click","glottalized",0,NA,1,NA,NA,NA,TRUE,FALSE
"phoneme_197","ʘkˣˀ","ʘkˣˀ","click","glottalized",1,NA,1,NA,NA,NA,TRUE,FALSE
"phoneme_199","!kˣˀ","!kˣˀ","click","glottalized",1,NA,1,NA,NA,NA,TRUE,FALSE
"phoneme_202","ˀnǂ","ˀnǂ","click","glottalized",1,NA,1,NA,NA,NA,TRUE,FALSE
"phoneme_203","ˀn/","ˀn/","click","glottalized",1,NA,1,NA,NA,NA,TRUE,FALSE
"phoneme_207","ɡ!kˣˀ","ɡ!kˣˀ","click","glottalized",3,NA,1,NA,NA,NA,TRUE,FALSE
"phoneme_216","ǁˀ","ǁˀ","click","glottalized",27,NA,1,NA,NA,NA,TRUE,FALSE
"phoneme_218","+ˀ","+ˀ","click","glottalized",0,NA,1,NA,NA,NA,TRUE,FALSE
"phoneme_228","ˀnǁ","ˀnǁ","click","glottalized",1,NA,1,NA,NA,NA,TRUE,FALSE
"phoneme_246","!ˀ","!ˀ","click","glottalized",24,NA,1,NA,NA,NA,TRUE,FALSE
"phoneme_247","ɡʘkˣˀ","ɡʘkˣˀ","click","glottalized",1,NA,1,NA,NA,NA,TRUE,FALSE
"phoneme_255","q!ˀ","q!ˀ","click","glottalized",1,NA,1,NA,NA,NA,TRUE,FALSE
"phoneme_257","ǂˣˀ","ǂˣˀ","click","glottalized",13,NA,1,NA,NA,NA,TRUE,FALSE
"phoneme_259","ʘˣˀ","ʘˣˀ","click","glottalized",1,NA,1,NA,NA,NA,TRUE,FALSE
"phoneme_268","qʘˀ","qʘˀ","click","glottalized",1,NA,1,NA,NA,NA,TRUE,FALSE
"phoneme_273","ɡǂkˣˀ","ɡǂkˣˀ","click","glottalized",3,NA,1,NA,NA,NA,TRUE,FALSE
"phoneme_275","ǂˀ","ǂˀ","click","glottalized",18,NA,1,NA,NA,NA,TRUE,FALSE
"phoneme_279","/ˣˀ","/ˣˀ","click","glottalized",15,NA,1,NA,NA,NA,TRUE,FALSE
"phoneme_283","ʘˀ","ʘˀ","click","glottalized",3,NA,1,NA,NA,NA,TRUE,FALSE
"phoneme_170","ᵑ!","ᵑ!","click","prenasalized",1,NA,1,NA,NA,NA,TRUE,FALSE
"phoneme_181","ᵑ/","ᵑ/","click","prenasalized",2,NA,1,NA,NA,NA,TRUE,FALSE
"phoneme_184","ᵑ!ᶢ","ᵑ!ᶢ","click","prenasalized",2,NA,1,NA,NA,NA,TRUE,FALSE
"phoneme_248","ᵑ/ᶢ","ᵑ/ᶢ","click","prenasalized",3,NA,1,NA,NA,NA,TRUE,FALSE
"phoneme_266","ᵑǁ","ᵑǁ","click","prenasalized",1,NA,1,NA,NA,NA,TRUE,FALSE
"phoneme_278","ᵑǁᶢ","ᵑǁᶢ","click","prenasalized",2,NA,1,NA,NA,NA,TRUE,FALSE
"phoneme_183","n̥ʘ","n̥ʘ","click","voiceless",1,NA,1,NA,NA,NA,TRUE,FALSE
"phoneme_192","n̥ǂ","n̥ǂ","click","voiceless",1,NA,1,NA,NA,NA,TRUE,FALSE
"phoneme_251","n̥ǁ","n̥ǁ","click","voiceless",2,NA,1,NA,NA,NA,TRUE,FALSE
"phoneme_252","n̥!","n̥!","click","voiceless",2,NA,1,NA,NA,NA,TRUE,FALSE
"phoneme_267","n̥/","n̥/","click","voiceless",2,NA,1,NA,NA,NA,TRUE,FALSE
"phoneme_147","ɡ/n","ɡ/n","click",NA,13,NA,1,NA,NA,NA,TRUE,FALSE
"phoneme_152","nǁ","nǁ","click",NA,29,NA,1,NA,NA,NA,TRUE,FALSE
"phoneme_154","ǁˣ","ǁˣ","click",NA,24,NA,1,NA,NA,NA,TRUE,FALSE
"phoneme_155","ɡ/ˣ","ɡ/ˣ","click",NA,5,NA,1,NA,NA,NA,TRUE,FALSE
"phoneme_158","Gʘ","Gʘ","click",NA,1,NA,1,NA,NA,NA,TRUE,FALSE
"phoneme_159","nǁˣ","nǁˣ","click",NA,3,NA,1,NA,NA,NA,TRUE,FALSE
"phoneme_164","!","!","click",NA,29,NA,1,NA,NA,NA,TRUE,FALSE
"phoneme_167","nʘ","nʘ","click",NA,4,NA,1,NA,NA,NA,TRUE,FALSE
"phoneme_169","!ʱ","!ʱ","click",NA,2,NA,1,NA,NA,NA,TRUE,FALSE
"phoneme_172","n/ˣ","n/ˣ","click",NA,3,NA,1,NA,NA,NA,TRUE,FALSE
"phoneme_174","n!","n!","click",NA,24,NA,1,NA,NA,NA,TRUE,FALSE
"phoneme_175","+","+","click",NA,0,NA,1,NA,NA,NA,TRUE,FALSE
"phoneme_176","n!n","n!n","click",NA,2,NA,1,NA,NA,NA,TRUE,FALSE
"phoneme_177","ǂ","ǂ","click",NA,20,NA,1,NA,NA,NA,TRUE,FALSE
"phoneme_178","/","/","click",NA,34,NA,1,NA,NA,NA,TRUE,FALSE
"phoneme_179","nǂʱ","nǂʱ","click",NA,2,NA,1,NA,NA,NA,TRUE,FALSE
"phoneme_182","n+","n+","click",NA,0,NA,1,NA,NA,NA,TRUE,FALSE
"phoneme_187","!ˣ","!ˣ","click",NA,20,NA,1,NA,NA,NA,TRUE,FALSE
"phoneme_189","n/","n/","click",NA,31,NA,1,NA,NA,NA,TRUE,FALSE
"phoneme_190","nǂˣ","nǂˣ","click",NA,1,NA,1,NA,NA,NA,TRUE,FALSE
"phoneme_191","n/ʱ","n/ʱ","click",NA,2,NA,1,NA,NA,NA,TRUE,FALSE
"phoneme_193","Gǂ","Gǂ","click",NA,1,NA,1,NA,NA,NA,TRUE,FALSE
"phoneme_200","ɡǁˣ","ɡǁˣ","click",NA,7,NA,1,NA,NA,NA,TRUE,FALSE
"phoneme_201","ǂʱ","ǂʱ","click",NA,2,NA,1,NA,NA,NA,TRUE,FALSE
"phoneme_205","n/n","n/n","click",NA,2,NA,1,NA,NA,NA,TRUE,FALSE
"phoneme_206","qʘ","qʘ","click",NA,1,1,1,NA,NA,NA,TRUE,TRUE
"phoneme_210","qǂ","qǂ","click",NA,8,1,1,NA,NA,NA,TRUE,TRUE
"phoneme_211","ʘˣ","ʘˣ","click",NA,3,NA,1,NA,NA,NA,TRUE,FALSE
"phoneme_212","ʘʱ","ʘʱ","click",NA,1,NA,1,NA,NA,NA,TRUE,FALSE
"phoneme_213","G!","G!","click",NA,1,NA,1,NA,NA,NA,TRUE,FALSE
"phoneme_214","ɡǂn","ɡǂn","click",NA,7,NA,1,NA,NA,NA,TRUE,FALSE
"phoneme_217","qǁ","qǁ","click",NA,8,1,1,NA,NA,NA,TRUE,TRUE
"phoneme_219","ɡʘˣ","ɡʘˣ","click",NA,1,NA,1,NA,NA,NA,TRUE,FALSE
"phoneme_220","G/","G/","click",NA,1,NA,1,NA,NA,NA,TRUE,FALSE
"phoneme_221","ǁ","ǁ","click",NA,33,NA,1,NA,NA,NA,TRUE,FALSE
"phoneme_226","ɡǂ","ɡǂ","click",NA,16,3,1,NA,NA,NA,TRUE,TRUE
"phoneme_227","nǁʱ","nǁʱ","click",NA,2,NA,1,NA,NA,NA,TRUE,FALSE
"phoneme_229","nǂn","nǂn","click",NA,2,NA,1,NA,NA,NA,TRUE,FALSE
"phoneme_231","/ʱ","/ʱ","click",NA,2,NA,1,NA,NA,NA,TRUE,FALSE
"phoneme_232","Gǁ","Gǁ","click",NA,1,NA,1,NA,NA,NA,TRUE,FALSE
"phoneme_234","/ˣ","/ˣ","click",NA,24,NA,1,NA,NA,NA,TRUE,FALSE
"phoneme_236","ǂˣ","ǂˣ","click",NA,17,NA,1,NA,NA,NA,TRUE,FALSE
"phoneme_237","nʘʱ","nʘʱ","click",NA,1,NA,1,NA,NA,NA,TRUE,FALSE
"phoneme_238","ʘ","ʘ","click",NA,5,NA,1,NA,NA,NA,TRUE,FALSE
"phoneme_239","q!","q!","click",NA,7,NA,1,NA,NA,NA,TRUE,FALSE
"phoneme_240","ɡǁ","ɡǁ","click",NA,25,3,1,NA,NA,NA,TRUE,TRUE
"phoneme_244","nǁn","nǁn","click",NA,2,NA,1,NA,NA,NA,TRUE,FALSE
"phoneme_245","ɡ!ˣ","ɡ!ˣ","click",NA,3,NA,1,NA,NA,NA,TRUE,FALSE
"phoneme_249","ɡʘ","ɡʘ","click",NA,3,1,1,NA,NA,NA,TRUE,TRUE
"phoneme_250","q/","q/","click",NA,10,NA,1,NA,NA,NA,TRUE,FALSE
"phoneme_254","ɡ!","ɡ!","click",NA,20,NA,1,NA,NA,NA,TRUE,FALSE
"phoneme_258","ɡǂˣ","ɡǂˣ","click",NA,2,NA,1,NA,NA,NA,TRUE,FALSE
"phoneme_260","n!ʱ","n!ʱ","click",NA,2,NA,1,NA,NA,NA,TRUE,FALSE
"phoneme_261","ɡǁn","ɡǁn","click",NA,13,NA,1,NA,NA,NA,TRUE,FALSE
"phoneme_262","ɡ!n","ɡ!n","click",NA,8,NA,1,NA,NA,NA,TRUE,FALSE
"phoneme_263","+ˣ","+ˣ","click",NA,0,NA,1,NA,NA,NA,TRUE,FALSE
"phoneme_264","n!ˣ","n!ˣ","click",NA,1,NA,1,NA,NA,NA,TRUE,FALSE
"phoneme_269","ɡ/","ɡ/","click",NA,27,NA,1,NA,NA,NA,TRUE,FALSE
"phoneme_271","nǂ","nǂ","click",NA,17,NA,1,NA,NA,NA,TRUE,FALSE
"phoneme_280","ǁʱ","ǁʱ","click",NA,2,NA,1,NA,NA,NA,TRUE,FALSE
"phoneme_665","ʈʰ","ṭʰ","consonant","aspirated",75,71,0.877220139853001,1,-0.122779860146999,"-",TRUE,TRUE
"phoneme_588","pʰ","pʰ","consonant","aspirated",283,334,0.508880559412004,0.634752124950132,-0.125871565538128,"-",TRUE,TRUE
"phoneme_631","kʰ","kʰ","consonant","aspirated",310,350,0.508880559412004,0.66993372762877,-0.161053168216766,"-",TRUE,TRUE
"phoneme_676","cʰ","cʰ","consonant","aspirated",34,55,0.714913993238342,0.89317184481387,-0.178257851575528,"-",TRUE,TRUE
"phoneme_560","tʰ","tʰ","consonant","aspirated",322,248,0.508880559412004,0.817376062475066,-0.308495503063062,"-",TRUE,TRUE
"phoneme_004","ᶡtʃʰ","ᶡčʰ","consonant","aspirated",1,NA,1,NA,NA,NA,TRUE,FALSE
"phoneme_031","tʃʰ","čʰ","consonant","aspirated",159,NA,0.754440279706002,NA,NA,NA,TRUE,FALSE
"phoneme_036","qᵡʰ","qᵡʰ","consonant","aspirated",2,NA,1,NA,NA,NA,TRUE,FALSE
"phoneme_039","ᵈtˢʰ","ᵈtˢʰ","consonant","aspirated",2,NA,1,NA,NA,NA,TRUE,FALSE
"phoneme_041","pˡʰ","pˡʰ","consonant","aspirated",5,NA,1,NA,NA,NA,TRUE,FALSE
"phoneme_044","ʰtˢ","ʰtˢ","consonant","aspirated",2,NA,1,NA,NA,NA,TRUE,FALSE
"phoneme_051","tˢʰ","tˢʰ","consonant","aspirated",110,NA,1,NA,NA,NA,TRUE,FALSE
"phoneme_064","tʃ̣ʰ","č̣ʰ","consonant","aspirated",4,NA,1,NA,NA,NA,TRUE,FALSE
"phoneme_066","pᶠʰ","pᶠʰ","consonant","aspirated",1,NA,1,NA,NA,NA,TRUE,FALSE
"phoneme_073","pˢ̌ʰ","pˢ̌ʰ","consonant","aspirated",2,NA,1,NA,NA,NA,TRUE,FALSE
"phoneme_090","ʈˢʰ","ṭˢʰ","consonant","aspirated",16,NA,1,NA,NA,NA,TRUE,FALSE
"phoneme_093","ʰtʃ","ʰč","consonant","aspirated",2,NA,1,NA,NA,NA,TRUE,FALSE
"phoneme_094","tᶿʰ","tᶿʰ","consonant","aspirated",3,NA,1,NA,NA,NA,TRUE,FALSE
"phoneme_095","tˡʰ","tˡʰ","consonant","aspirated",15,NA,1,NA,NA,NA,TRUE,FALSE
"phoneme_116","tᶲʰ","tᶲʰ","consonant","aspirated",1,NA,1,NA,NA,NA,TRUE,FALSE
"phoneme_291","sʰ","sʰ","consonant","aspirated",18,11,1,NA,NA,NA,TRUE,TRUE
"phoneme_302","ᵈʒʰ","ᵈžʰ","consonant","aspirated",1,NA,1,NA,NA,NA,TRUE,FALSE
"phoneme_353","fʰ","fʰ","consonant","aspirated",2,1,1,NA,NA,NA,TRUE,TRUE
"phoneme_368","ʃʰ","šʰ","consonant","aspirated",3,3,1,NA,NA,NA,TRUE,TRUE
"phoneme_369","xʰ","xʰ","consonant","aspirated",1,2,1,NA,NA,NA,TRUE,TRUE
"phoneme_389","vʰ","vʰ","consonant","aspirated",1,NA,1,NA,NA,NA,TRUE,FALSE
"phoneme_425","ɬʰ","ɬʰ","consonant","aspirated",1,NA,1,NA,NA,NA,TRUE,FALSE
"phoneme_554","ᴳqʰ","ᴳqʰ","consonant","aspirated",1,NA,1,NA,NA,NA,TRUE,FALSE
"phoneme_563","ᶢkʰ","ᶢkʰ","consonant","aspirated",2,NA,1,NA,NA,NA,TRUE,FALSE
"phoneme_578","qʰ","qʰ","consonant","aspirated",28,46,1,NA,NA,NA,TRUE,TRUE
"phoneme_606","ʰd","ʰd","consonant","aspirated",1,NA,1,NA,NA,NA,TRUE,FALSE
"phoneme_612","ᵇpʰ","ᵇpʰ","consonant","aspirated",1,NA,1,NA,NA,NA,TRUE,FALSE
"phoneme_613","ʰk","ʰk","consonant","aspirated",3,6,1,NA,NA,NA,TRUE,TRUE
"phoneme_621","ʰp","ʰp","consonant","aspirated",3,5,1,NA,NA,NA,TRUE,TRUE
"phoneme_624","ʰt","ʰt","consonant","aspirated",3,6,1,NA,NA,NA,TRUE,TRUE
"phoneme_656","ͫpʰ","ͫpʰ","consonant","aspirated",3,NA,1,NA,NA,NA,TRUE,FALSE
"phoneme_659","ᵈtʰ","ᵈtʰ","consonant","aspirated",2,NA,1,NA,NA,NA,TRUE,FALSE
"phoneme_669","t̯ʰ","t̯ʰ","consonant","aspirated",1,NA,1,NA,NA,NA,TRUE,FALSE
"phoneme_673","t̪ʰ","t̪ʰ","consonant","aspirated+dental",2,100,0.877220139853001,1,-0.122779860146999,"-",TRUE,TRUE
"phoneme_685","ˀt̪ʰ","ˀt̪ʰ","consonant","aspirated+dental+glottalized",2,NA,1,NA,NA,NA,TRUE,FALSE
"phoneme_637","ʔʰ","ʔʰ","consonant","aspirated+glottalized",1,NA,1,NA,NA,NA,TRUE,FALSE
"phoneme_007","tʃʰʷ","čʰʷ","consonant","aspirated+labialized",1,NA,1,NA,NA,NA,TRUE,FALSE
"phoneme_608","qʰʷ","qʰʷ","consonant","aspirated+labialized",3,NA,1,NA,NA,NA,TRUE,FALSE
"phoneme_635","kʰʷ","kʰʷ","consonant","aspirated+labialized",18,NA,1,NA,NA,NA,TRUE,FALSE
"phoneme_014","ⁿ̃tʃʰ","ⁿ̃čʰ","consonant","aspirated+nasalized+prenasalized",1,NA,1,NA,NA,NA,TRUE,FALSE
"phoneme_057","ⁿtˢʰ","ⁿtˢʰ","consonant","aspirated+prenasalized",1,NA,1,NA,NA,NA,TRUE,FALSE
"phoneme_586","ⁿtʰ","ⁿtʰ","consonant","aspirated+prenasalized",1,NA,1,NA,NA,NA,TRUE,FALSE
"phoneme_663","ᵑkʰ","ᵑkʰ","consonant","aspirated+prenasalized",1,NA,1,NA,NA,NA,TRUE,FALSE
"phoneme_040","tˡ̥ʰ","tˡ̥ʰ","consonant","aspirated+voiceless",1,NA,1,NA,NA,NA,TRUE,FALSE
"phoneme_029","ɡ̤̌","ɡ̤̌","consonant","breathy",36,NA,0.877220139853001,NA,NA,NA,TRUE,FALSE
"phoneme_106","d̤ᶻ","d̤ᶻ","consonant","breathy",7,NA,0.877220139853001,NA,NA,NA,TRUE,FALSE
"phoneme_289","v̤","v̤","consonant","breathy",2,4,1,NA,NA,NA,TRUE,TRUE
"phoneme_362","z̤","z̤","consonant","breathy",1,1,1,NA,NA,NA,TRUE,TRUE
"phoneme_407","w̤","w̤","consonant","breathy",1,5,1,NA,NA,NA,TRUE,TRUE
"phoneme_422","j̤","j̤","consonant","breathy",2,1,1,NA,NA,NA,TRUE,TRUE
"phoneme_434","l̤","l̤","consonant","breathy",10,16,0.877220139853001,NA,NA,NA,TRUE,TRUE
"phoneme_451","ɭ̤","ḷ̤","consonant","breathy",2,1,1,NA,NA,NA,TRUE,TRUE
"phoneme_533","n̤","n̤","consonant","breathy",10,9,1,NA,NA,NA,TRUE,TRUE
"phoneme_537","ɳ̤","ṇ̤","consonant","breathy",1,1,1,NA,NA,NA,TRUE,TRUE
"phoneme_546","m̤","m̤","consonant","breathy",10,20,1,NA,NA,NA,TRUE,TRUE
"phoneme_553","ɡ̤","ɡ̤","consonant","breathy",49,19,0.805398525823219,NA,NA,NA,TRUE,TRUE
"phoneme_562","ɟ̤","ɟ̤","consonant","breathy",3,8,1,NA,NA,NA,TRUE,TRUE
"phoneme_575","ɗ̤","ɗ̤","consonant","breathy",1,NA,0.877220139853001,NA,NA,NA,TRUE,FALSE
"phoneme_579","d̤̣","d̤̣","consonant","breathy",36,NA,1,NA,NA,NA,TRUE,FALSE
"phoneme_596","ɓ̤","ɓ̤","consonant","breathy",1,NA,0.877220139853001,NA,NA,NA,TRUE,FALSE
"phoneme_622","d̤","d̤","consonant","breathy",49,11,0.805398525823219,NA,NA,NA,TRUE,TRUE
"phoneme_641","ɠ̤","ɠ̤","consonant","breathy",1,NA,1,NA,NA,NA,TRUE,FALSE
"phoneme_643","b̤","b̤","consonant","breathy",47,42,0.805398525823219,NA,NA,NA,TRUE,TRUE
"phoneme_709","r̤","r̤","consonant","breathy",7,6,1,NA,NA,NA,TRUE,TRUE
"phoneme_714","ɾ̤","ɾ̤","consonant","breathy",2,3,1,NA,NA,NA,TRUE,TRUE
"phoneme_727","ɾ̣̤","ɾ̣̤","consonant","breathy",6,NA,1,NA,NA,NA,TRUE,FALSE
"phoneme_666","d̪̤","d̪̤","consonant","breathy+dental",1,30,0.877220139853001,NA,NA,NA,TRUE,TRUE
"phoneme_680","ɡ̤ʷ","ɡ̤ʷ","consonant","breathy+labialized",0,2,1,NA,NA,NA,TRUE,TRUE
"phoneme_628","b̰","b̰","consonant","creaky",1,13,1,0.89317184481387,0.10682815518613,"+",TRUE,TRUE
"phoneme_594","d̰","d̰","consonant","creaky",1,8,1,1,0,"0",TRUE,TRUE
"phoneme_010","ɡ̰̌","ɡ̰̌","consonant","creaky",1,NA,1,NA,NA,NA,TRUE,FALSE
"phoneme_623","ɖ̰","ḍ̰","consonant","creaky",1,1,1,NA,NA,NA,TRUE,TRUE
"phoneme_690","ɡ̰","ɡ̰","consonant","creaky",1,1,1,NA,NA,NA,TRUE,TRUE
"phoneme_556","t̪","t̪","consonant","dental",53,462,0.805398525823219,0.452128187425198,0.353270338398021,"+",TRUE,TRUE
"phoneme_580","d̪","d̪","consonant","dental",38,265,0.877220139853001,0.634752124950132,0.242468014902869,"+",TRUE,TRUE
"phoneme_547","n̪","n̪","consonant","dental",27,350,0.877220139853001,0.66993372762877,0.207286412224231,"+",TRUE,TRUE
"phoneme_444","l̪","l̪","consonant","dental",9,150,1,0.89317184481387,0.10682815518613,"+",TRUE,TRUE
"phoneme_310","s̪","s̪","consonant","dental",7,81,1,1,0,"0",TRUE,TRUE
"phoneme_342","z̪","z̪","consonant","dental",3,41,1,NA,NA,NA,TRUE,TRUE
"phoneme_448","ɬ̪","ɬ̪","consonant","dental",1,8,1,NA,NA,NA,TRUE,TRUE
"phoneme_534","n̪ᵚ","n̪ᵚ","consonant","dental",1,NA,0.877220139853001,NA,NA,NA,TRUE,FALSE
"phoneme_552","ɗ̪","ɗ̪","consonant","dental",1,4,1,NA,NA,NA,TRUE,TRUE
"phoneme_559","ᵈt̪ˣ","ᵈt̪ˣ","consonant","dental",1,NA,1,NA,NA,NA,TRUE,FALSE
"phoneme_614","t̪ᵚ","t̪ᵚ","consonant","dental",1,NA,0.877220139853001,NA,NA,NA,TRUE,FALSE
"phoneme_721","r̪","r̪","consonant","dental",3,20,1,NA,NA,NA,TRUE,TRUE
"phoneme_091","t̪ˀ","t̪ˀ","consonant","dental+glottalized",1,NA,1,NA,NA,NA,TRUE,FALSE
"phoneme_096","ᵈt̪ˀ","ᵈt̪ˀ","consonant","dental+glottalized",1,NA,1,NA,NA,NA,TRUE,FALSE
"phoneme_352","ˀs̪","ˀs̪","consonant","dental+glottalized",1,NA,1,NA,NA,NA,TRUE,FALSE
"phoneme_513","ˀn̪","ˀn̪","consonant","dental+glottalized",0,NA,1,NA,NA,NA,TRUE,FALSE
"phoneme_638","ˀd̪","ˀd̪","consonant","dental+glottalized",1,NA,1,NA,NA,NA,TRUE,FALSE
"phoneme_670","t̪ˀ","t̪ˀ","consonant","dental+glottalized",1,NA,1,NA,NA,NA,TRUE,FALSE
"phoneme_319","s̪ːˀ","s̪ːˀ","consonant","dental+glottalized+long",3,NA,1,NA,NA,NA,TRUE,FALSE
"phoneme_686","t̪ʷ","t̪ʷ","consonant","dental+labialized",1,7,1,NA,NA,NA,TRUE,TRUE
"phoneme_351","z̪ʲ","z̪ʲ","consonant","dental+palatalized",1,1,1,NA,NA,NA,TRUE,TRUE
"phoneme_067","ⁿd̪ᶻ","ⁿd̪ᶻ","consonant","dental+prenasalized",2,NA,1,NA,NA,NA,TRUE,FALSE
"phoneme_678","ⁿd̪","ⁿd̪","consonant","dental+prenasalized",1,NA,1,NA,NA,NA,TRUE,FALSE
"phoneme_427","l̪̥","l̪̥","consonant","dental+voiceless",1,1,1,NA,NA,NA,TRUE,TRUE
"phoneme_505","n̪̥","n̪̥","consonant","dental+voiceless",0,2,1,NA,NA,NA,TRUE,TRUE
"phoneme_555","ʔ","ʔ","consonant","glottalized",898,731,0.107784964815386,0.191658101968467,-0.0838731371530804,"-",TRUE,TRUE
"phoneme_598","ˀd","ˀd","consonant","glottalized",22,2,0.714913993238342,1,-0.285086006761658,"-",TRUE,TRUE
"phoneme_595","ˀb","ˀb","consonant","glottalized",42,4,0.68261866567622,1,-0.31738133432378,"-",TRUE,TRUE
"phoneme_011","tˣˀ","tˣˀ","consonant","glottalized",1,NA,1,NA,NA,NA,TRUE,FALSE
"phoneme_013","cʹˀ","cʹˀ","consonant","glottalized",0,NA,1,NA,NA,NA,TRUE,FALSE
"phoneme_016","kˡˀ","kˡˀ","consonant","glottalized",1,NA,1,NA,NA,NA,TRUE,FALSE
"phoneme_021","pˢ̌ˀ","pˢ̌ˀ","consonant","glottalized",2,NA,1,NA,NA,NA,TRUE,FALSE
"phoneme_022","ʈˢˀ","ṭˢˀ","consonant","glottalized",5,NA,1,NA,NA,NA,TRUE,FALSE
"phoneme_023","tʃ̣ˀ","č̣ˀ","consonant","glottalized",7,NA,1,NA,NA,NA,TRUE,FALSE
"phoneme_030","ᶡtʃˀ","ᶡčˀ","consonant","glottalized",1,NA,1,NA,NA,NA,TRUE,FALSE
"phoneme_032","ͫpˀ","ͫpˀ","consonant","glottalized",1,NA,1,NA,NA,NA,TRUE,FALSE
"phoneme_037","qᵡˀ","qᵡˀ","consonant","glottalized",16,NA,1,NA,NA,NA,TRUE,FALSE
"phoneme_045","dᶻˀ","dᶻˀ","consonant","glottalized",1,NA,1,NA,NA,NA,TRUE,FALSE
"phoneme_053","tˡˀ","tˡˀ","consonant","glottalized",71,NA,1,NA,NA,NA,TRUE,FALSE
"phoneme_061","ˀbˡ","ˀbˡ","consonant","glottalized",2,NA,1,NA,NA,NA,TRUE,FALSE
"phoneme_077","tʃˀ","čˀ","consonant","glottalized",185,NA,1,NA,NA,NA,TRUE,FALSE
"phoneme_080","ˀɡ̌","ˀɡ̌","consonant","glottalized",2,NA,1,NA,NA,NA,TRUE,FALSE
"phoneme_083","ᵈtʃˀ","ᵈčˀ","consonant","glottalized",1,NA,1,NA,NA,NA,TRUE,FALSE
"phoneme_085","tˢˀ","tˢˀ","consonant","glottalized",188,NA,1,NA,NA,NA,TRUE,FALSE
"phoneme_087","ᵈtˢˀ","ᵈtˢˀ","consonant","glottalized",2,NA,1,NA,NA,NA,TRUE,FALSE
"phoneme_097","ͫpᶠˀ","ͫpᶠˀ","consonant","glottalized",1,NA,1,NA,NA,NA,TRUE,FALSE
"phoneme_098","tᶿˀ","tᶿˀ","consonant","glottalized",5,NA,1,NA,NA,NA,TRUE,FALSE
"phoneme_101","pˀ","pˀ","consonant","glottalized",1,3,1,NA,NA,NA,TRUE,TRUE
"phoneme_104","kˣˀ","kˣˀ","consonant","glottalized",18,NA,1,NA,NA,NA,TRUE,FALSE
"phoneme_112","pᶠˀ","pᶠˀ","consonant","glottalized",2,NA,1,NA,NA,NA,TRUE,FALSE
"phoneme_290","xˀ","xˀ","consonant","glottalized",4,NA,1,NA,NA,NA,TRUE,FALSE
"phoneme_297","sˀ","sˀ","consonant","glottalized",21,4,1,NA,NA,NA,TRUE,TRUE
"phoneme_301","ˀʐ","ˀẓ","consonant","glottalized",1,NA,1,NA,NA,NA,TRUE,FALSE
"phoneme_305","ˀɣ","ˀɣ","consonant","glottalized",1,NA,1,NA,NA,NA,TRUE,FALSE
"phoneme_307","ʯˀ","ʯˀ","consonant","glottalized",2,NA,1,NA,NA,NA,TRUE,FALSE
"phoneme_308","ˀh","ˀh","consonant","glottalized",1,NA,1,NA,NA,NA,TRUE,FALSE
"phoneme_314","ˀv","ˀv","consonant","glottalized",1,NA,1,NA,NA,NA,TRUE,FALSE
"phoneme_316","ˀz","ˀz","consonant","glottalized",0,NA,1,NA,NA,NA,TRUE,FALSE
"phoneme_322","zˀ","zˀ","consonant","glottalized",1,1,1,NA,NA,NA,TRUE,TRUE
"phoneme_323","ɸˀ","ɸˀ","consonant","glottalized",1,NA,1,NA,NA,NA,TRUE,FALSE
"phoneme_326","ˀð","ˀð","consonant","glottalized",2,NA,1,NA,NA,NA,TRUE,FALSE
"phoneme_330","ʂˀ","ṣˀ","consonant","glottalized",3,NA,1,NA,NA,NA,TRUE,FALSE
"phoneme_331","ʕˀ","ʕˀ","consonant","glottalized",4,NA,1,NA,NA,NA,TRUE,FALSE
"phoneme_347","ʃˀ","šˀ","consonant","glottalized",11,1,1,NA,NA,NA,TRUE,TRUE
"phoneme_350","ʁˀ","ʁˀ","consonant","glottalized",0,NA,1,NA,NA,NA,TRUE,FALSE
"phoneme_355","ˀʁ","ˀʁ","consonant","glottalized",0,NA,1,NA,NA,NA,TRUE,FALSE
"phoneme_365","ʮˀ","ʮˀ","consonant","glottalized",1,NA,0.877220139853001,NA,NA,NA,TRUE,FALSE
"phoneme_379","fˀ","fˀ","consonant","glottalized",4,NA,0.877220139853001,NA,NA,NA,TRUE,FALSE
"phoneme_412","ˀj","ˀj","consonant","glottalized",53,7,0.877220139853001,NA,NA,NA,TRUE,TRUE
"phoneme_417","jˀ","jˀ","consonant","glottalized",7,8,0.805398525823219,NA,NA,NA,TRUE,TRUE
"phoneme_419","ˀw","ˀw","consonant","glottalized",41,6,0.805398525823219,NA,NA,NA,TRUE,TRUE
"phoneme_421","wˀ","wˀ","consonant","glottalized",6,5,0.805398525823219,NA,NA,NA,TRUE,TRUE
"phoneme_431","ɬˀ","ɬˀ","consonant","glottalized",6,NA,1,NA,NA,NA,TRUE,FALSE
"phoneme_437","ˀl","ˀl","consonant","glottalized",31,4,0.754440279706002,NA,NA,NA,TRUE,TRUE
"phoneme_450","lˀ","lˀ","consonant","glottalized",4,2,1,NA,NA,NA,TRUE,TRUE
"phoneme_508","ˀn˜","ˀn˜","consonant","glottalized",3,NA,1,NA,NA,NA,TRUE,FALSE
"phoneme_518","ŋˀ","ŋˀ","consonant","glottalized",2,NA,1,NA,NA,NA,TRUE,FALSE
"phoneme_522","nˀ","nˀ","consonant","glottalized",7,6,1,NA,NA,NA,TRUE,TRUE
"phoneme_523","ˀm","ˀm","consonant","glottalized",41,8,0.877220139853001,NA,NA,NA,TRUE,TRUE
"phoneme_526","ˀn","ˀn","consonant","glottalized",40,7,0.877220139853001,NA,NA,NA,TRUE,TRUE
"phoneme_531","mˀ","mˀ","consonant","glottalized",8,6,1,NA,NA,NA,TRUE,TRUE
"phoneme_543","ˀŋ","ˀŋ","consonant","glottalized",6,1,1,NA,NA,NA,TRUE,TRUE
"phoneme_561","dˀ","dˀ","consonant","glottalized",5,2,1,NA,NA,NA,TRUE,TRUE
"phoneme_570","tˣˀ","tˣˀ","consonant","glottalized",2,NA,1,NA,NA,NA,TRUE,FALSE
"phoneme_577","ɖˀ","ḍˀ","consonant","glottalized",1,NA,1,NA,NA,NA,TRUE,FALSE
"phoneme_582","bˀ","bˀ","consonant","glottalized",2,1,1,NA,NA,NA,TRUE,TRUE
"phoneme_599","kˀ","kˀ","consonant","glottalized",225,4,0.877220139853001,NA,NA,NA,TRUE,TRUE
"phoneme_602","pˀkˣˀ","pˀkˣˀ","consonant","glottalized",1,NA,1,NA,NA,NA,TRUE,FALSE
"phoneme_604","ˀk","ˀk","consonant","glottalized",1,1,1,NA,NA,NA,TRUE,TRUE
"phoneme_611","ˀp","ˀp","consonant","glottalized",1,2,1,NA,NA,NA,TRUE,TRUE
"phoneme_615","ˀt","ˀt","consonant","glottalized",2,1,1,NA,NA,NA,TRUE,TRUE
"phoneme_617","cˀ","cˀ","consonant","glottalized",13,1,1,NA,NA,NA,TRUE,TRUE
"phoneme_618","tˀ","tˀ","consonant","glottalized",228,2,0.877220139853001,NA,NA,NA,TRUE,TRUE
"phoneme_627","ˀɟ","ˀɟ","consonant","glottalized",3,NA,0.877220139853001,NA,NA,NA,TRUE,FALSE
"phoneme_647","ʈˀ","ṭˀ","consonant","glottalized",14,NA,1,NA,NA,NA,TRUE,FALSE
"phoneme_658","pˀ","pˀ","consonant","glottalized",154,3,0.877220139853001,NA,NA,NA,TRUE,TRUE
"phoneme_661","ɡˀ","ɡˀ","consonant","glottalized",1,NA,1,NA,NA,NA,TRUE,FALSE
"phoneme_667","ʔ˜","ʔ˜","consonant","glottalized",1,NA,1,NA,NA,NA,TRUE,FALSE
"phoneme_681","qˀ","qˀ","consonant","glottalized",101,1,1,NA,NA,NA,TRUE,TRUE
"phoneme_683","kˣˀ","kˣˀ","consonant","glottalized",2,NA,1,NA,NA,NA,TRUE,FALSE
"phoneme_684","ˀɗ̣","ˀɗ̣","consonant","glottalized",1,NA,1,NA,NA,NA,TRUE,FALSE
"phoneme_701","rˀ","rˀ","consonant","glottalized",1,1,0.877220139853001,NA,NA,NA,TRUE,TRUE
"phoneme_710","ˀr","ˀr","consonant","glottalized",9,2,0.877220139853001,NA,NA,NA,TRUE,TRUE
"phoneme_728","ˀɾ","ˀɾ","consonant","glottalized",4,NA,1,NA,NA,NA,TRUE,FALSE
"phoneme_583","ʔʷ","ʔʷ","consonant","glottalized+labialized",3,14,1,1,0,"0",TRUE,TRUE
"phoneme_025","tˢˀʷ","tˢˀʷ","consonant","glottalized+labialized",1,NA,1,NA,NA,NA,TRUE,FALSE
"phoneme_048","qᵡˀʷ","qᵡˀʷ","consonant","glottalized+labialized",1,NA,1,NA,NA,NA,TRUE,FALSE
"phoneme_340","xˀʷ","xˀʷ","consonant","glottalized+labialized",1,NA,1,NA,NA,NA,TRUE,FALSE
"phoneme_344","ʯˀʷ","ʯˀʷ","consonant","glottalized+labialized",1,NA,1,NA,NA,NA,TRUE,FALSE
"phoneme_349","ˀʁʷ","ˀʁʷ","consonant","glottalized+labialized",0,NA,1,NA,NA,NA,TRUE,FALSE
"phoneme_387","ʕˀʷ","ʕˀʷ","consonant","glottalized+labialized",5,NA,1,NA,NA,NA,TRUE,FALSE
"phoneme_517","ˀŋʷ","ˀŋʷ","consonant","glottalized+labialized",1,NA,1,NA,NA,NA,TRUE,FALSE
"phoneme_585","qˀʷ","qˀʷ","consonant","glottalized+labialized",33,NA,1,NA,NA,NA,TRUE,FALSE
"phoneme_691","kˀʷ","kˀʷ","consonant","glottalized+labialized",55,NA,1,NA,NA,NA,TRUE,FALSE
"phoneme_059","tːˡˀ","tːˡˀ","consonant","glottalized+long",2,NA,1,NA,NA,NA,TRUE,FALSE
"phoneme_078","kːˣˀ","kːˣˀ","consonant","glottalized+long",2,NA,1,NA,NA,NA,TRUE,FALSE
"phoneme_082","qːᵡˀ","qːᵡˀ","consonant","glottalized+long",3,NA,1,NA,NA,NA,TRUE,FALSE
"phoneme_292","ʃːˀ","šːˀ","consonant","glottalized+long",3,NA,1,NA,NA,NA,TRUE,FALSE
"phoneme_677","ʔʲ","ʔʲ","consonant","glottalized+palatalized",1,13,1,NA,NA,NA,TRUE,TRUE
"phoneme_689","kˀʲ","kˀʲ","consonant","glottalized+palatalized",1,NA,1,NA,NA,NA,TRUE,FALSE
"phoneme_046","ⁿtˡˀ","ⁿtˡˀ","consonant","glottalized+prenasalized",1,NA,1,NA,NA,NA,TRUE,FALSE
"phoneme_521","mʷ","mʷ","consonant","labialized",4,49,0.877220139853001,0.575960348661901,0.3012597911911,"+",TRUE,TRUE
"phoneme_645","pʷ","pʷ","consonant","labialized",5,38,0.877220139853001,0.634752124950132,0.242468014902869,"+",TRUE,TRUE
"phoneme_514","ŋʷ","ŋʷ","consonant","labialized",29,91,1,0.817376062475066,0.182623937524934,"+",TRUE,TRUE
"phoneme_551","kʷ","kʷ","consonant","labialized",181,259,1,0.817376062475066,0.182623937524934,"+",TRUE,TRUE
"phoneme_603","bʷ","bʷ","consonant","labialized",7,38,1,0.89317184481387,0.10682815518613,"+",TRUE,TRUE
"phoneme_366","xʷ","xʷ","consonant","labialized",59,51,1,1,0,"0",TRUE,TRUE
"phoneme_601","ɡʷ","ɡʷ","consonant","labialized",61,129,1,1,0,"0",TRUE,TRUE
"phoneme_655","kpʷ","kpʷ","consonant","labialized",2,4,1,1,0,"0",TRUE,TRUE
"phoneme_364","βʷ","βʷ","consonant","labialized",3,3,0.805398525823219,1,-0.194601474176781,"-",TRUE,TRUE
"phoneme_024","tʃʷ","čʷ","consonant","labialized",1,NA,1,NA,NA,NA,TRUE,FALSE
"phoneme_047","qᵡʷ","qᵡʷ","consonant","labialized",1,NA,1,NA,NA,NA,TRUE,FALSE
"phoneme_076","ɡ̌ʷ","ɡ̌ʷ","consonant","labialized",1,NA,1,NA,NA,NA,TRUE,FALSE
"phoneme_285","vʷ","vʷ","consonant","labialized",2,9,1,NA,NA,NA,TRUE,TRUE
"phoneme_286","ɣʷ","ɣʷ","consonant","labialized",11,17,1,NA,NA,NA,TRUE,TRUE
"phoneme_300","ʃʷ","šʷ","consonant","labialized",1,24,1,NA,NA,NA,TRUE,TRUE
"phoneme_304","sʷ","sʷ","consonant","labialized",3,28,1,NA,NA,NA,TRUE,TRUE
"phoneme_311","ʯʷ","ʯʷ","consonant","labialized",32,NA,1,NA,NA,NA,TRUE,FALSE
"phoneme_318","ʕʷ","ʕʷ","consonant","labialized",5,2,1,NA,NA,NA,TRUE,TRUE
"phoneme_324","fʷ","fʷ","consonant","labialized",6,31,1,NA,NA,NA,TRUE,TRUE
"phoneme_332","ɸʷ","ɸʷ","consonant","labialized",2,1,1,NA,NA,NA,TRUE,TRUE
"phoneme_335","ʁʷ","ʁʷ","consonant","labialized",3,16,1,NA,NA,NA,TRUE,TRUE
"phoneme_346","zʷ","zʷ","consonant","labialized",1,12,1,NA,NA,NA,TRUE,TRUE
"phoneme_363","hʷ","hʷ","consonant","labialized",21,42,0.877220139853001,NA,NA,NA,TRUE,TRUE
"phoneme_548","nʷ","nʷ","consonant","labialized",0,26,1,NA,NA,NA,TRUE,TRUE
"phoneme_626","ͫbʷ","ͫbʷ","consonant","labialized",1,NA,0.877220139853001,NA,NA,NA,TRUE,FALSE
"phoneme_654","ɡbʷ","ɡbʷ","consonant","labialized",2,1,1,NA,NA,NA,TRUE,TRUE
"phoneme_657","Gʷ","Gʷ","consonant","labialized",2,NA,1,NA,NA,NA,TRUE,FALSE
"phoneme_662","ɓʷ","ɓʷ","consonant","labialized",2,2,0.877220139853001,NA,NA,NA,TRUE,TRUE
"phoneme_693","qʷ","qʷ","consonant","labialized",45,23,1,NA,NA,NA,TRUE,TRUE
"phoneme_717","ɽʷ","ṛʷ","consonant","labialized",1,NA,1,NA,NA,NA,TRUE,FALSE
"phoneme_581","ɡːʷ","ɡːʷ","consonant","labialized+long",1,NA,1,NA,NA,NA,TRUE,FALSE
"phoneme_620","ᵑkʷ","ᵑkʷ","consonant","labialized+prenasalized",0,NA,1,NA,NA,NA,TRUE,FALSE
"phoneme_679","ᵑɡʷ","ᵑɡʷ","consonant","labialized+prenasalized",6,NA,1,NA,NA,NA,TRUE,FALSE
"phoneme_512","ŋ̥ʷ","ŋ̥ʷ","consonant","labialized+voiceless",1,NA,1,NA,NA,NA,TRUE,FALSE
"phoneme_367","sː","sː","consonant","long",2,48,1,0.817376062475066,0.182623937524934,"+",TRUE,TRUE
"phoneme_564","pː","pː","consonant","long",1,35,1,0.89317184481387,0.10682815518613,"+",TRUE,TRUE
"phoneme_646","kː","kː","consonant","long",2,54,1,0.89317184481387,0.10682815518613,"+",TRUE,TRUE
"phoneme_584","tː","tː","consonant","long",3,39,1,1,0,"0",TRUE,TRUE
"phoneme_682","ɡː","ɡː","consonant","long",1,36,1,1,0,"0",TRUE,TRUE
"phoneme_002","tːˡ","tːˡ","consonant","long",3,NA,1,NA,NA,NA,TRUE,FALSE
"phoneme_017","ɡ̌ː","ɡ̌ː","consonant","long",1,NA,1,NA,NA,NA,TRUE,FALSE
"phoneme_034","qːᵡ","qːᵡ","consonant","long",4,NA,1,NA,NA,NA,TRUE,FALSE
"phoneme_075","kːˣ","kːˣ","consonant","long",4,NA,1,NA,NA,NA,TRUE,FALSE
"phoneme_092","tʃː","čː","consonant","long",1,NA,1,NA,NA,NA,TRUE,FALSE
"phoneme_298","ʮː","ʮː","consonant","long",1,NA,1,NA,NA,NA,TRUE,FALSE
"phoneme_382","çː","çː","consonant","long",9,2,1,NA,NA,NA,TRUE,TRUE
"phoneme_436","ɬː","ɬː","consonant","long",1,4,1,NA,NA,NA,TRUE,TRUE
"phoneme_664","ɖː","ḍː","consonant","long",1,5,1,NA,NA,NA,TRUE,TRUE
"phoneme_672","cː","cː","consonant","long",2,7,1,NA,NA,NA,TRUE,TRUE
"phoneme_028","ⁿ̃ɡ̣̌","ⁿ̃ɡ̣̌","consonant","nasalized+prenasalized",1,NA,1,NA,NA,NA,TRUE,FALSE
"phoneme_072","ⁿ̃ɡ̌","ⁿ̃ɡ̌","consonant","nasalized+prenasalized",44,NA,0.610797051646438,NA,NA,NA,TRUE,FALSE
"phoneme_320","ⁿ̃ʒ","ⁿ̃ž","consonant","nasalized+prenasalized",4,NA,0.877220139853001,NA,NA,NA,TRUE,FALSE
"phoneme_636","ⁿ̃ɟ","ⁿ̃ɟ","consonant","nasalized+prenasalized",20,NA,0.592134133091343,NA,NA,NA,TRUE,FALSE
"phoneme_616","tʲ","tʲ","consonant","palatalized",9,56,1,0.89317184481387,0.10682815518613,"+",TRUE,TRUE
"phoneme_306","βʲ","βʲ","consonant","palatalized",1,9,1,1,0,"0",TRUE,TRUE
"phoneme_530","nʲ","nʲ","consonant","palatalized",4,40,1,1,0,"0",TRUE,TRUE
"phoneme_565","dʲ","dʲ","consonant","palatalized",8,38,1,1,0,"0",TRUE,TRUE
"phoneme_671","kʲ","kʲ","consonant","palatalized",14,63,1,1,0,"0",TRUE,TRUE
"phoneme_723","rʲ","rʲ","consonant","palatalized",4,24,1,1,0,"0",TRUE,TRUE
"phoneme_071","tʃʲ","čʲ","consonant","palatalized",0,NA,1,NA,NA,NA,TRUE,FALSE
"phoneme_293","ʃʲ","šʲ","consonant","palatalized",2,8,1,NA,NA,NA,TRUE,TRUE
"phoneme_317","sʲ","sʲ","consonant","palatalized",3,30,1,NA,NA,NA,TRUE,TRUE
"phoneme_325","ðʲ","ðʲ","consonant","palatalized",1,3,1,NA,NA,NA,TRUE,TRUE
"phoneme_359","ɸʲ","ɸʲ","consonant","palatalized",1,3,1,NA,NA,NA,TRUE,TRUE
"phoneme_378","hʲ","hʲ","consonant","palatalized",1,23,1,NA,NA,NA,TRUE,TRUE
"phoneme_455","lʲ","lʲ","consonant","palatalized",3,45,1,NA,NA,NA,TRUE,TRUE
"phoneme_539","ŋʲ","ŋʲ","consonant","palatalized",1,6,1,NA,NA,NA,TRUE,TRUE
"phoneme_668","ɡʲ","ɡʲ","consonant","palatalized",3,47,1,NA,NA,NA,TRUE,TRUE
"phoneme_591","ⁿdʲ","ⁿdʲ","consonant","palatalized+prenasalized",3,NA,1,NA,NA,NA,TRUE,FALSE
"phoneme_541","ŋ̥ʲ","ŋ̥ʲ","consonant","palatalized+voiceless",1,1,1,NA,NA,NA,TRUE,TRUE
"phoneme_070","ⁿdˡ","ⁿdˡ","consonant","prenasalized",1,NA,1,NA,NA,NA,TRUE,FALSE
"phoneme_086","ⁿdᶻ","ⁿdᶻ","consonant","prenasalized",13,NA,0.805398525823219,NA,NA,NA,TRUE,FALSE
"phoneme_113","ⁿtˢ","ⁿtˢ","consonant","prenasalized",1,NA,1,NA,NA,NA,TRUE,FALSE
"phoneme_299","ⁿs","ⁿs","consonant","prenasalized",0,NA,1,NA,NA,NA,TRUE,FALSE
"phoneme_303","ⁿz","ⁿz","consonant","prenasalized",12,NA,0.877220139853001,NA,NA,NA,TRUE,FALSE
"phoneme_572","ⁿd","ⁿd","consonant","prenasalized",174,NA,0.300100808630239,NA,NA,NA,TRUE,FALSE
"phoneme_574","ⁿɖ","ⁿḍ","consonant","prenasalized",7,NA,0.754440279706002,NA,NA,NA,TRUE,FALSE
"phoneme_576","ᴺG","ᴺG","consonant","prenasalized",2,NA,0.877220139853001,NA,NA,NA,TRUE,FALSE
"phoneme_587","ⁿt","ⁿt","consonant","prenasalized",2,NA,1,NA,NA,NA,TRUE,FALSE
"phoneme_589","ᵑɡ","ᵑɡ","consonant","prenasalized",164,NA,0.329691749381609,NA,NA,NA,TRUE,FALSE
"phoneme_610","ᵑͫɡb","ᵑͫɡb","consonant","prenasalized",5,NA,1,NA,NA,NA,TRUE,FALSE
"phoneme_650","ᵑk","ᵑk","consonant","prenasalized",4,NA,1,NA,NA,NA,TRUE,FALSE
"phoneme_695","ⁿ̯d̯","ⁿ̯d̯","consonant","prenasalized",1,NA,1,NA,NA,NA,TRUE,FALSE
"phoneme_696","ⁿɾ","ⁿɾ","consonant","prenasalized",1,NA,0.877220139853001,NA,NA,NA,TRUE,FALSE
"phoneme_447","l̥","l̥","consonant","voiceless",49,52,0.805398525823219,0.817376062475066,-0.0119775366518473,"-",TRUE,TRUE
"phoneme_725","ɾ̥","ɾ̥","consonant","voiceless",7,5,0.877220139853001,1,-0.122779860146999,"-",TRUE,TRUE
"phoneme_550","ŋ̥","ŋ̥","consonant","voiceless",30,20,0.592134133091343,0.817376062475066,-0.225241929383723,"-",TRUE,TRUE
"phoneme_507","n̥","n̥","consonant","voiceless",63,41,0.559838805529221,0.817376062475066,-0.257537256945845,"-",TRUE,TRUE
"phoneme_520","m̥","m̥","consonant","voiceless",56,44,0.559838805529221,0.817376062475066,-0.257537256945845,"-",TRUE,TRUE
"phoneme_001","tˡ̥","tˡ̥","consonant","voiceless",1,NA,1,NA,NA,NA,TRUE,FALSE
"phoneme_287","z̥̣","z̥̣","consonant","voiceless",1,NA,1,NA,NA,NA,TRUE,FALSE
"phoneme_384","v̥","v̥","consonant","voiceless",1,1,1,NA,NA,NA,TRUE,TRUE
"phoneme_410","j̥","j̥","consonant","voiceless",28,15,0.714913993238342,NA,NA,NA,TRUE,TRUE
"phoneme_414","w̥","w̥","consonant","voiceless",41,2,0.610797051646438,NA,NA,NA,TRUE,TRUE
"phoneme_426","l̥ᵚ","l̥ᵚ","consonant","voiceless",1,NA,1,NA,NA,NA,TRUE,FALSE
"phoneme_432","ɭ̥","ḷ̥","consonant","voiceless",1,2,1,NA,NA,NA,TRUE,TRUE
"phoneme_440","L̥","L̥","consonant","voiceless",1,NA,1,NA,NA,NA,TRUE,FALSE
"phoneme_454","ʎ̥","ʎ̥","consonant","voiceless",4,1,1,NA,NA,NA,TRUE,TRUE
"phoneme_506","n̥˜","n̥˜","consonant","voiceless",5,NA,0.805398525823219,NA,NA,NA,TRUE,FALSE
"phoneme_510","ɳ̥","ṇ̥","consonant","voiceless",2,NA,0.877220139853001,NA,NA,NA,TRUE,FALSE
"phoneme_542","m̥ˡ","m̥ˡ","consonant","voiceless",3,NA,1,NA,NA,NA,TRUE,FALSE
"phoneme_545","n˜̥","n˜̥","consonant","voiceless",24,NA,0.655313355286779,NA,NA,NA,TRUE,FALSE
"phoneme_707","ɹ̥","ɹ̥","consonant","voiceless",1,2,0.877220139853001,NA,NA,NA,TRUE,TRUE
"phoneme_720","ɹ̣̥","ɹ̣̥","consonant","voiceless",1,NA,1,NA,NA,NA,TRUE,FALSE
"phoneme_722","r̥","r̥","consonant","voiceless",27,24,0.877220139853001,NA,NA,NA,TRUE,TRUE
"phoneme_726","ɽ̥","ṛ̥","consonant","voiceless",2,NA,1,NA,NA,NA,TRUE,FALSE
"phoneme_333","r","r","consonant",NA,1,929,1,0.126809262393036,0.873190737606964,"+",TRUE,TRUE
"phoneme_337","ʁ","ʁ","consonant",NA,95,83,1,0.817376062475066,0.182623937524934,"+",TRUE,TRUE
"phoneme_597","ɟ","ɟ","consonant",NA,205,252,0.68261866567622,0.506835065624351,0.175783600051869,"+",TRUE,TRUE
"phoneme_288","ħ","ħ","consonant",NA,53,55,1,0.89317184481387,0.10682815518613,"+",TRUE,TRUE
"phoneme_716","ʁ","ʁ","consonant",NA,8,83,0.877220139853001,0.817376062475066,0.0598440773779351,"+",TRUE,TRUE
"phoneme_509","ŋm","ŋm","consonant",NA,40,67,1,1,0,"0",TRUE,TRUE
"phoneme_515","m","m","consonant",NA,2044,1977,0,0,0,"0",TRUE,TRUE
"phoneme_653","ɡ","ɡ","consonant",NA,1225,1146,0.113631498680039,0.122061915053968,-0.00843041637392897,"-",TRUE,TRUE
"phoneme_639","k","k","consonant",NA,2032,1863,0.0012562740272081,0.012115727630844,-0.0108594536036359,"-",TRUE,TRUE
"phoneme_354","ʂ","ṣ","consonant",NA,61,123,0.805398525823219,0.817376062475066,-0.0119775366518473,"-",TRUE,TRUE
"phoneme_648","p","p","consonant",NA,1843,1732,0.0191504113996421,0.031402675998957,-0.0122522645993149,"-",TRUE,TRUE
"phoneme_632","b","b","consonant",NA,1347,1278,0.0955639887371677,0.10831250079679,-0.0127485120596221,"-",TRUE,TRUE
"phoneme_644","ɖ","ḍ","consonant",NA,161,160,0.655313355286779,0.66993372762877,-0.0146203723419915,"-",TRUE,TRUE
"phoneme_386","ʐ","ẓ","consonant",NA,19,61,0.877220139853001,0.89317184481387,-0.0159517049608693,"-",TRUE,TRUE
"phoneme_445","ɮ","ɮ","consonant",NA,19,37,0.877220139853001,0.89317184481387,-0.0159517049608693,"-",TRUE,TRUE
"phoneme_704","r","r","consonant",NA,1077,929,0.101014692503348,0.126809262393036,-0.0257945698896884,"-",TRUE,TRUE
"phoneme_544","ŋ","ŋ","consonant",NA,1206,1291,0.0184544030567897,0.045092542137673,-0.0266381390808833,"-",TRUE,TRUE
"phoneme_329","h","h","consonant",NA,1248,1142,0.0871773859658329,0.122061915053968,-0.0348845290881351,"-",TRUE,TRUE
"phoneme_334","s","s","consonant",NA,1767,1398,0.0233848894289251,0.0632701387657374,-0.0398852493368123,"-",TRUE,TRUE
"phoneme_430","l","l","consonant",NA,1650,1410,0.0262651788314467,0.0670611487607462,-0.0407959699292995,"-",TRUE,TRUE
"phoneme_415","w","w","consonant",NA,1684,1726,0.040625038123122,0.0868803123753299,-0.0462552742522079,"-",TRUE,TRUE
"phoneme_516","n","n","consonant",NA,2050,1649,0.00188776808412403,0.0486291140163214,-0.0467413459321974,"-",TRUE,TRUE
"phoneme_328","f","f","consonant",NA,740,852,0.255206417556373,0.304685852578902,-0.0494794350225289,"-",TRUE,TRUE
"phoneme_633","c","c","consonant",NA,305,275,0.452471609528608,0.506835065624351,-0.0543634560957429,"-",TRUE,TRUE
"phoneme_409","j","j","consonant",NA,1855,1842,0.071508932756435,0.136568550282993,-0.0650596175265576,"-",TRUE,TRUE
"phoneme_634","d","d","consonant",NA,1310,958,0.0999110509558138,0.168223050099462,-0.0683119991436484,"-",TRUE,TRUE
"phoneme_593","ɓ","ɓ","consonant",NA,138,232,0.68261866567622,0.758584286186835,-0.0759656205106154,"-",TRUE,TRUE
"phoneme_652","t","t","consonant",NA,2035,1472,0.0012562740272081,0.0787728834951373,-0.0775166094679292,"-",TRUE,TRUE
"phoneme_341","x","x","consonant",NA,476,334,0.460711881109997,0.575960348661901,-0.115248467551904,"-",TRUE,TRUE
"phoneme_327","β","β","consonant",NA,203,226,0.351059054747456,0.469132193475772,-0.118073138728316,"-",TRUE,TRUE
"phoneme_571","kp","kp","consonant",NA,172,284,0.877220139853001,1,-0.122779860146999,"-",TRUE,TRUE
"phoneme_649","q","q","consonant",NA,236,154,0.655313355286779,0.817376062475066,-0.162062707188288,"-",TRUE,TRUE
"phoneme_688","ɗ","ɗ","consonant",NA,106,194,0.714913993238342,0.89317184481387,-0.178257851575528,"-",TRUE,TRUE
"phoneme_619","ʈ","ṭ","consonant",NA,222,309,0.520312519061561,0.710547907288936,-0.190235388227375,"-",TRUE,TRUE
"phoneme_315","ç","ç","consonant",NA,30,89,0.805398525823219,1,-0.194601474176781,"-",TRUE,TRUE
"phoneme_345","ɦ","ɦ","consonant",NA,44,56,0.805398525823219,1,-0.194601474176781,"-",TRUE,TRUE
"phoneme_343","z","z","consonant",NA,597,582,0.469354272944344,0.66993372762877,-0.200579454684426,"-",TRUE,TRUE
"phoneme_706","ɹ","ɹ","consonant",NA,22,31,0.68261866567622,0.89317184481387,-0.21055317913765,"-",TRUE,TRUE
"phoneme_312","ʃ","š","consonant",NA,778,684,0.53253349513978,0.758584286186835,-0.226050791047056,"-",TRUE,TRUE
"phoneme_284","ð","ð","consonant",NA,112,101,0.478440053984808,0.710547907288936,-0.232107853304128,"-",TRUE,TRUE
"phoneme_385","ɸ","ɸ","consonant",NA,100,101,0.520312519061561,0.758584286186835,-0.238271767125274,"-",TRUE,TRUE
"phoneme_453","ɭ","ḷ","consonant",NA,105,239,0.754440279706002,1,-0.245559720293998,"-",TRUE,TRUE
"phoneme_338","v","v","consonant",NA,596,543,0.195228497469942,0.452128187425198,-0.256899689955256,"-",TRUE,TRUE
"phoneme_711","ɾ","ɾ","consonant",NA,465,507,0.286973774845782,0.550848913731135,-0.263875138885353,"-",TRUE,TRUE
"phoneme_380","ʒ","ž","consonant",NA,291,267,0.68261866567622,1,-0.31738133432378,"-",TRUE,TRUE
"phoneme_698","ɽ","ṛ","consonant",NA,57,109,0.68261866567622,1,-0.31738133432378,"-",TRUE,TRUE
"phoneme_294","ɣ","ɣ","consonant",NA,328,269,0.268944609722923,0.603719752102807,-0.334775142379884,"-",TRUE,TRUE
"phoneme_003","bͮ","bͮ","consonant",NA,14,NA,1,NA,NA,NA,TRUE,FALSE
"phoneme_005","kˡ","kˡ","consonant",NA,1,NA,1,NA,NA,NA,TRUE,FALSE
"phoneme_006","dᵞ","dᵞ","consonant",NA,1,NA,1,NA,NA,NA,TRUE,FALSE
"phoneme_008","ɡ́","ɡ́","consonant",NA,0,NA,1,NA,NA,NA,TRUE,FALSE
"phoneme_009","tᶿ","tᶿ","consonant",NA,5,NA,1,NA,NA,NA,TRUE,FALSE
"phoneme_012","ɡ̌","ɡ̌","consonant",NA,601,NA,0.337932020962998,NA,NA,NA,TRUE,FALSE
"phoneme_015","ɟ́","ɟ́","consonant",NA,2,NA,1,NA,NA,NA,TRUE,FALSE
"phoneme_018","tᴮ","tᴮ","consonant",NA,1,NA,1,NA,NA,NA,TRUE,FALSE
"phoneme_019","tˢʱ","tˢʱ","consonant",NA,1,NA,1,NA,NA,NA,TRUE,FALSE
"phoneme_020","tʃ̣","č̣","consonant",NA,26,NA,0.877220139853001,NA,NA,NA,TRUE,FALSE
"phoneme_026","ɖʳ","ḍʳ","consonant",NA,2,NA,1,NA,NA,NA,TRUE,FALSE
"phoneme_027","bɡ̌","bɡ̌","consonant",NA,0,NA,1,NA,NA,NA,TRUE,FALSE
"phoneme_033","ʈʳ","ṭʳ","consonant",NA,3,NA,1,NA,NA,NA,TRUE,FALSE
"phoneme_035","dʳ","dʳ","consonant",NA,3,NA,1,NA,NA,NA,TRUE,FALSE
"phoneme_038","tʃ","č","consonant",NA,969,NA,0.307048126329685,NA,NA,NA,TRUE,FALSE
"phoneme_042","qᵡ","qᵡ","consonant",NA,17,NA,1,NA,NA,NA,TRUE,FALSE
"phoneme_043","dˡ","dˡ","consonant",NA,16,NA,1,NA,NA,NA,TRUE,FALSE
"phoneme_049","pᶲ","pᶲ","consonant",NA,2,NA,1,NA,NA,NA,TRUE,FALSE
"phoneme_050","bᶻ̌","bᶻ̌","consonant",NA,2,NA,1,NA,NA,NA,TRUE,FALSE
"phoneme_052","ʈˢ","ṭˢ","consonant",NA,24,NA,1,NA,NA,NA,TRUE,FALSE
"phoneme_054","dᶻᵞ","dᶻᵞ","consonant",NA,1,NA,1,NA,NA,NA,TRUE,FALSE
"phoneme_055","ɡ̣̌","ɡ̣̌","consonant",NA,4,NA,1,NA,NA,NA,TRUE,FALSE
"phoneme_056","dᵝ","dᵝ","consonant",NA,1,NA,1,NA,NA,NA,TRUE,FALSE
"phoneme_058","ͫbͮ","ͫbͮ","consonant",NA,2,NA,1,NA,NA,NA,TRUE,FALSE
"phoneme_060","ɖᶻ","ḍᶻ","consonant",NA,6,NA,1,NA,NA,NA,TRUE,FALSE
"phoneme_062","ptˢ","ptˢ","consonant",NA,0,NA,1,NA,NA,NA,TRUE,FALSE
"phoneme_063","tˣ","tˣ","consonant",NA,3,NA,1,NA,NA,NA,TRUE,FALSE
"phoneme_065","cʹ","cʹ","consonant",NA,4,NA,1,NA,NA,NA,TRUE,FALSE
"phoneme_068","bᵝ","bᵝ","consonant",NA,1,NA,1,NA,NA,NA,TRUE,FALSE
"phoneme_069","dᶻ","dᶻ","consonant",NA,225,NA,0.754440279706002,NA,NA,NA,TRUE,FALSE
"phoneme_074","tʳ","tʳ","consonant",NA,7,NA,1,NA,NA,NA,TRUE,FALSE
"phoneme_079","ɠ̌","ɠ̌","consonant",NA,2,NA,1,NA,NA,NA,TRUE,FALSE
"phoneme_081","tˡ","tˡ","consonant",NA,63,NA,1,NA,NA,NA,TRUE,FALSE
"phoneme_084","ɡᵞ","ɡᵞ","consonant",NA,1,NA,1,NA,NA,NA,TRUE,FALSE
"phoneme_088","tʃˣ","čˣ","consonant",NA,4,NA,1,NA,NA,NA,TRUE,FALSE
"phoneme_089","tˢ","tˢ","consonant",NA,558,NA,0.469354272944344,NA,NA,NA,TRUE,FALSE
"phoneme_099","ᵈtˢˣ","ᵈtˢˣ","consonant",NA,1,NA,1,NA,NA,NA,TRUE,FALSE
"phoneme_100","dᶻʱ","dᶻʱ","consonant",NA,1,NA,1,NA,NA,NA,TRUE,FALSE
"phoneme_102","pˡ","pˡ","consonant",NA,6,NA,1,NA,NA,NA,TRUE,FALSE
"phoneme_103","bdᶻ","bdᶻ","consonant",NA,0,NA,1,NA,NA,NA,TRUE,FALSE
"phoneme_105","dᶻˣ","dᶻˣ","consonant",NA,1,NA,1,NA,NA,NA,TRUE,FALSE
"phoneme_107","dᶞ","dᶞ","consonant",NA,2,NA,1,NA,NA,NA,TRUE,FALSE
"phoneme_108","ͫbˡ","ͫbˡ","consonant",NA,1,NA,1,NA,NA,NA,TRUE,FALSE
"phoneme_109","d̯ᶞ","d̯ᶞ","consonant",NA,1,NA,1,NA,NA,NA,TRUE,FALSE
"phoneme_110","tˢˣ","tˢˣ","consonant",NA,18,NA,1,NA,NA,NA,TRUE,FALSE
"phoneme_111","pᶠ","pᶠ","consonant",NA,20,NA,1,NA,NA,NA,TRUE,FALSE
"phoneme_114","kˣ","kˣ","consonant",NA,10,NA,1,NA,NA,NA,TRUE,FALSE
"phoneme_115","pˢ","pˢ","consonant",NA,2,NA,1,NA,NA,NA,TRUE,FALSE
"phoneme_117","ptʃ","pč","consonant",NA,0,NA,1,NA,NA,NA,TRUE,FALSE
"phoneme_295","ɸˢ","ɸˢ","consonant",NA,1,NA,1,NA,NA,NA,TRUE,FALSE
"phoneme_296","ʕ","ʕ","consonant",NA,60,37,1,NA,NA,NA,TRUE,TRUE
"phoneme_309","hᵚ","hᵚ","consonant",NA,1,NA,0.877220139853001,NA,NA,NA,TRUE,FALSE
"phoneme_313","fs","fs","consonant",NA,0,NA,1,NA,NA,NA,TRUE,FALSE
"phoneme_321","ͫv","ͫv","consonant",NA,3,NA,1,NA,NA,NA,TRUE,FALSE
"phoneme_336","ʮ","ʮ","consonant",NA,116,NA,0.508880559412004,NA,NA,NA,TRUE,FALSE
"phoneme_339","sʹ","sʹ","consonant",NA,1,NA,1,NA,NA,NA,TRUE,FALSE
"phoneme_348","ʂ̌","ṣ̌","consonant",NA,42,NA,0.877220139853001,NA,NA,NA,TRUE,FALSE
"phoneme_356","ʯ","ʯ","consonant",NA,140,NA,0.877220139853001,NA,NA,NA,TRUE,FALSE
"phoneme_357","ᵈʒˣ","ᵈžˣ","consonant",NA,1,NA,1,NA,NA,NA,TRUE,FALSE
"phoneme_358","h˜","h˜","consonant",NA,11,NA,0.754440279706002,NA,NA,NA,TRUE,FALSE
"phoneme_360","ɣ˜","ɣ˜","consonant",NA,2,NA,1,NA,NA,NA,TRUE,FALSE
"phoneme_361","fˢ̌","fˢ̌","consonant",NA,2,NA,1,NA,NA,NA,TRUE,FALSE
"phoneme_370","ʒʱ","žʱ","consonant",NA,1,NA,1,NA,NA,NA,TRUE,FALSE
"phoneme_371","vj^","vj^","consonant",NA,0,NA,1,NA,NA,NA,TRUE,FALSE
"phoneme_372","β˜","β˜","consonant",NA,1,NA,1,NA,NA,NA,TRUE,FALSE
"phoneme_373","ᵈzˣ","ᵈzˣ","consonant",NA,1,NA,1,NA,NA,NA,TRUE,FALSE
"phoneme_374","zʱ","zʱ","consonant",NA,1,NA,1,NA,NA,NA,TRUE,FALSE
"phoneme_375","j^","j^","consonant",NA,4,NA,0.805398525823219,NA,NA,NA,TRUE,FALSE
"phoneme_376","vz","vz","consonant",NA,0,NA,1,NA,NA,NA,TRUE,FALSE
"phoneme_377","fç","fç","consonant",NA,0,NA,1,NA,NA,NA,TRUE,FALSE
"phoneme_381","v˜","v˜","consonant",NA,1,NA,1,NA,NA,NA,TRUE,FALSE
"phoneme_383","ʐ̌","ẓ̌","consonant",NA,15,NA,0.805398525823219,NA,NA,NA,TRUE,FALSE
"phoneme_388","zʹ","zʹ","consonant",NA,1,NA,1,NA,NA,NA,TRUE,FALSE
"phoneme_408","ə̯","ə̯","consonant",NA,1,1,0.877220139853001,NA,NA,NA,TRUE,TRUE
"phoneme_411","w˜","w˜","consonant",NA,13,NA,0.877220139853001,NA,NA,NA,TRUE,FALSE
"phoneme_413","ɨ̯","ɨ̯","consonant",NA,2,NA,1,NA,NA,NA,TRUE,FALSE
"phoneme_416","ɯ̯","ɯ̯","consonant",NA,4,NA,1,NA,NA,NA,TRUE,FALSE
"phoneme_418","ɑ̯","ɑ̯","consonant",NA,1,NA,1,NA,NA,NA,TRUE,FALSE
"phoneme_420","ɥ˜","ɥ˜","consonant",NA,1,NA,1,NA,NA,NA,TRUE,FALSE
"phoneme_423","ɥ","ɥ","consonant",NA,24,26,0.877220139853001,NA,NA,NA,TRUE,TRUE
"phoneme_424","ȷ˜","ȷ˜","consonant",NA,6,NA,1,NA,NA,NA,TRUE,FALSE
"phoneme_428","ʎ̣","ʎ̣","consonant",NA,1,NA,1,NA,NA,NA,TRUE,FALSE
"phoneme_429","ɬ̣","ɬ̣","consonant",NA,2,NA,1,NA,NA,NA,TRUE,FALSE
"phoneme_433","lᵚ","lᵚ","consonant",NA,15,NA,0.877220139853001,NA,NA,NA,TRUE,FALSE
"phoneme_435","ɬ","ɬ","consonant",NA,165,102,0.631660419559003,NA,NA,NA,TRUE,TRUE
"phoneme_438","ɭ̌","ḷ̌","consonant",NA,7,NA,0.877220139853001,NA,NA,NA,TRUE,FALSE
"phoneme_439","l̯","l̯","consonant",NA,33,NA,1,NA,NA,NA,TRUE,FALSE
"phoneme_441","ʎ","ʎ","consonant",NA,126,74,1,NA,NA,NA,TRUE,TRUE
"phoneme_442","L","L","consonant",NA,8,NA,1,NA,NA,NA,TRUE,FALSE
"phoneme_443","l˜","l˜","consonant",NA,1,NA,1,NA,NA,NA,TRUE,FALSE
"phoneme_446","ʎᵚ","ʎᵚ","consonant",NA,1,NA,1,NA,NA,NA,TRUE,FALSE
"phoneme_449","ľ","ľ","consonant",NA,38,NA,0.714913993238342,NA,NA,NA,TRUE,FALSE
"phoneme_452","bɮ","bɮ","consonant",NA,0,NA,1,NA,NA,NA,TRUE,FALSE
"phoneme_504","mˡ","mˡ","consonant",NA,5,NA,1,NA,NA,NA,TRUE,FALSE
"phoneme_511","nʱ","nʱ","consonant",NA,1,5,1,NA,NA,NA,TRUE,TRUE
"phoneme_519","ɳ","ṇ","consonant",NA,142,264,0.592134133091343,NA,NA,NA,TRUE,TRUE
"phoneme_524","nm","nm","consonant",NA,0,NA,1,NA,NA,NA,TRUE,FALSE
"phoneme_525","ɱ","ɱ","consonant",NA,1,11,1,NA,NA,NA,TRUE,TRUE
"phoneme_527","mʱ","mʱ","consonant",NA,1,6,1,NA,NA,NA,TRUE,TRUE
"phoneme_528","N","N","consonant",NA,14,9,0.877220139853001,NA,NA,NA,TRUE,TRUE
"phoneme_529","mᶛ","mᶛ","consonant",NA,1,NA,1,NA,NA,NA,TRUE,FALSE
"phoneme_532","ŋᵚ","ŋᵚ","consonant",NA,1,NA,0.877220139853001,NA,NA,NA,TRUE,FALSE
"phoneme_535","mn˜","mn˜","consonant",NA,0,NA,1,NA,NA,NA,TRUE,FALSE
"phoneme_536","n˜","n˜","consonant",NA,801,NA,0.293415717322658,NA,NA,NA,TRUE,FALSE
"phoneme_538","ŋ^","ŋ^","consonant",NA,3,NA,1,NA,NA,NA,TRUE,FALSE
"phoneme_540","n̯","n̯","consonant",NA,57,NA,1,NA,NA,NA,TRUE,FALSE
"phoneme_549","mᵚ","mᵚ","consonant",NA,1,NA,0.877220139853001,NA,NA,NA,TRUE,FALSE
"phoneme_557","ʄ","ʄ","consonant",NA,17,30,0.877220139853001,NA,NA,NA,TRUE,TRUE
"phoneme_558","k^","k^","consonant",NA,2,NA,1,NA,NA,NA,TRUE,FALSE
"phoneme_566","ɡ^","ɡ^","consonant",NA,2,NA,1,NA,NA,NA,TRUE,FALSE
"phoneme_567","ɡb","ɡb","consonant",NA,165,284,1,NA,NA,NA,TRUE,TRUE
"phoneme_568","pʱ","pʱ","consonant",NA,1,NA,1,NA,NA,NA,TRUE,FALSE
"phoneme_569","ɡd","ɡd","consonant",NA,1,NA,1,NA,NA,NA,TRUE,FALSE
"phoneme_573","kt","kt","consonant",NA,1,NA,1,NA,NA,NA,TRUE,FALSE
"phoneme_590","dˣ","dˣ","consonant",NA,1,NA,1,NA,NA,NA,TRUE,FALSE
"phoneme_592","t̯","t̯","consonant",NA,48,NA,1,NA,NA,NA,TRUE,FALSE
"phoneme_600","cˣ","cˣ","consonant",NA,7,NA,1,NA,NA,NA,TRUE,FALSE
"phoneme_605","qᶛ","qᶛ","consonant",NA,1,NA,1,NA,NA,NA,TRUE,FALSE
"phoneme_607","ɗ̣","ɗ̣","consonant",NA,20,NA,0.877220139853001,NA,NA,NA,TRUE,FALSE
"phoneme_609","ͫb","ͫb","consonant",NA,171,NA,0.314279085235223,NA,NA,NA,TRUE,FALSE
"phoneme_625","ͫp","ͫp","consonant",NA,2,NA,1,NA,NA,NA,TRUE,FALSE
"phoneme_629","d̯","d̯","consonant",NA,21,NA,1,NA,NA,NA,TRUE,FALSE
"phoneme_630","ɠ","ɠ","consonant",NA,14,16,0.877220139853001,NA,NA,NA,TRUE,TRUE
"phoneme_640","tp","tp","consonant",NA,0,NA,1,NA,NA,NA,TRUE,FALSE
"phoneme_642","tˣ","tˣ","consonant",NA,13,NA,1,NA,NA,NA,TRUE,FALSE
"phoneme_651","G","G","consonant",NA,23,NA,1,NA,NA,NA,TRUE,FALSE
"phoneme_660","bd","bd","consonant",NA,1,NA,1,NA,NA,NA,TRUE,FALSE
"phoneme_674","bᵚ","bᵚ","consonant",NA,1,NA,0.877220139853001,NA,NA,NA,TRUE,FALSE
"phoneme_675","tʱ","tʱ","consonant",NA,1,NA,1,NA,NA,NA,TRUE,FALSE
"phoneme_687","kᵚ","kᵚ","consonant",NA,1,NA,0.877220139853001,NA,NA,NA,TRUE,FALSE
"phoneme_692","pt","pt","consonant",NA,1,1,1,NA,NA,NA,TRUE,TRUE
"phoneme_694","bɗ","bɗ","consonant",NA,0,NA,1,NA,NA,NA,TRUE,FALSE
"phoneme_697","ř","ř","consonant",NA,3,NA,1,NA,NA,NA,TRUE,FALSE
"phoneme_699","ɾ̌","ɾ̌","consonant",NA,1,NA,1,NA,NA,NA,TRUE,FALSE
"phoneme_700","v̊","v̊","consonant",NA,14,NA,1,NA,NA,NA,TRUE,FALSE
"phoneme_702","B","B","consonant",NA,6,NA,0.877220139853001,NA,NA,NA,TRUE,FALSE
"phoneme_703","ɾ̣","ɾ̣","consonant",NA,77,NA,0.655313355286779,NA,NA,NA,TRUE,FALSE
"phoneme_705","ɾ˜","ɾ˜","consonant",NA,3,NA,1,NA,NA,NA,TRUE,FALSE
"phoneme_708","ɹ́","ɹ́","consonant",NA,1,NA,1,NA,NA,NA,TRUE,FALSE
"phoneme_712","rᵚ","rᵚ","consonant",NA,2,NA,0.877220139853001,NA,NA,NA,TRUE,FALSE
"phoneme_713","P","P","consonant",NA,2,NA,1,NA,NA,NA,TRUE,FALSE
"phoneme_715","R","R","consonant",NA,1,7,1,NA,NA,NA,TRUE,TRUE
"phoneme_718","ɹ̣","ɹ̣","consonant",NA,98,NA,0.754440279706002,NA,NA,NA,TRUE,FALSE
"phoneme_719","bɹ","bɹ","consonant",NA,1,NA,1,NA,NA,NA,TRUE,FALSE
"phoneme_724","rᶻ̌","rᶻ̌","consonant",NA,3,NA,1,NA,NA,NA,TRUE,FALSE
NA,"b͈","b͈","consonant",NA,NA,1,NA,1,NA,NA,FALSE,TRUE
NA,"cç","cç","consonant",NA,NA,83,NA,1,NA,NA,FALSE,TRUE
NA,"dr","dr","consonant",NA,NA,6,NA,1,NA,NA,FALSE,TRUE
NA,"dz","dz","consonant",NA,NA,198,NA,1,NA,NA,FALSE,TRUE
NA,"d̠ʒ","d̠ʒ","consonant",NA,NA,537,NA,0.380481634917707,NA,NA,FALSE,TRUE
NA,"d̠͈ʒ","d̠͈ʒ","consonant",NA,NA,1,NA,1,NA,NA,FALSE,TRUE
NA,"d͈","d͈","consonant",NA,NA,1,NA,1,NA,NA,FALSE,TRUE
NA,"k͈","k͈","consonant",NA,NA,55,NA,1,NA,NA,FALSE,TRUE
NA,"mb","mb","consonant",NA,NA,243,NA,0.487309790103836,NA,NA,FALSE,TRUE
NA,"mp","mp","consonant",NA,NA,28,NA,0.710547907288936,NA,NA,FALSE,TRUE
NA,"m̼","m̼","consonant",NA,NA,1,NA,1,NA,NA,FALSE,TRUE
NA,"nd","nd","consonant",NA,NA,227,NA,0.575960348661901,NA,NA,FALSE,TRUE
NA,"ndr","ndr","consonant",NA,NA,5,NA,1,NA,NA,FALSE,TRUE
NA,"ndz","ndz","consonant",NA,NA,52,NA,1,NA,NA,FALSE,TRUE
NA,"nr","nr","consonant",NA,NA,1,NA,1,NA,NA,FALSE,TRUE
NA,"ns","ns","consonant",NA,NA,18,NA,0.817376062475066,NA,NA,FALSE,TRUE
NA,"nt","nt","consonant",NA,NA,32,NA,0.758584286186835,NA,NA,FALSE,TRUE
NA,"nɟ","nɟ","consonant",NA,NA,2,NA,1,NA,NA,FALSE,TRUE
NA,"n̠d̠ʒ","n̠d̠ʒ","consonant",NA,NA,106,NA,0.89317184481387,NA,NA,FALSE,TRUE
NA,"n̠t̠ʃ","n̠t̠ʃ","consonant",NA,NA,18,NA,0.89317184481387,NA,NA,FALSE,TRUE
NA,"p̼","p̼","consonant",NA,NA,1,NA,1,NA,NA,FALSE,TRUE
NA,"p͈","p͈","consonant",NA,NA,55,NA,1,NA,NA,FALSE,TRUE
NA,"ts","ts","consonant",NA,NA,442,NA,0.758584286186835,NA,NA,FALSE,TRUE
NA,"t̠ʃ","t̠ʃ","consonant",NA,NA,783,NA,0.345300032239068,NA,NA,FALSE,TRUE
NA,"t͈","t͈","consonant",NA,NA,36,NA,1,NA,NA,FALSE,TRUE
NA,"v̼","v̼","consonant",NA,NA,1,NA,1,NA,NA,FALSE,TRUE
NA,"ŋk","ŋk","consonant",NA,NA,34,NA,0.710547907288936,NA,NA,FALSE,TRUE
NA,"ŋɡ","ŋɡ","consonant",NA,NA,222,NA,0.550848913731135,NA,NA,FALSE,TRUE
NA,"ɖr̠͓","ɖr̠͓","consonant",NA,NA,1,NA,1,NA,NA,FALSE,TRUE
NA,"ɰ","ɰ","consonant",NA,NA,44,NA,0.817376062475066,NA,NA,FALSE,TRUE
NA,"ɲ","ɲ","consonant",NA,NA,878,NA,0.253531441444009,NA,NA,FALSE,TRUE
NA,"ɲj","ɲj","consonant",NA,NA,2,NA,1,NA,NA,FALSE,TRUE
NA,"ɳʈ","ɳʈ","consonant",NA,NA,1,NA,1,NA,NA,FALSE,TRUE
NA,"ɺ","ɺ","consonant",NA,NA,24,NA,1,NA,NA,FALSE,TRUE
NA,"ɺ̠","ɺ̠","consonant",NA,NA,5,NA,1,NA,NA,FALSE,TRUE
NA,"ɻ","ɻ","consonant",NA,NA,218,NA,0.89317184481387,NA,NA,FALSE,TRUE
NA,"ʂ͇","ʂ͇","consonant",NA,NA,2,NA,1,NA,NA,FALSE,TRUE
NA,"ʈʂ","ʈʂ","consonant",NA,NA,68,NA,0.817376062475066,NA,NA,FALSE,TRUE
NA,"ʋ","ʋ","consonant",NA,NA,31,NA,1,NA,NA,FALSE,TRUE
NA,"ʍ","ʍ","consonant",NA,NA,26,NA,0.89317184481387,NA,NA,FALSE,TRUE
NA,"ʝ","ʝ","consonant",NA,NA,44,NA,1,NA,NA,FALSE,TRUE
NA,"θ","θ","consonant",NA,NA,74,NA,0.758584286186835,NA,NA,FALSE,TRUE
NA,"ᶑ","ᶑ","consonant",NA,NA,6,NA,1,NA,NA,FALSE,TRUE
NA,"t̠ʃʰ","t̠ʃʰ","mod_consonant","aspirated",NA,118,NA,0.89317184481387,0.10682815518613,"+",FALSE,TRUE
NA,"t̪s̪ʰ|tsʰ","t̪s̪ʰ|tsʰ","mod_consonant","aspirated+dental",NA,10,NA,1,NA,NA,FALSE,TRUE
NA,"t̪ʰ|tʰ","t̪ʰ|tʰ","mod_consonant","aspirated+dental",NA,22,NA,0.89317184481387,NA,NA,FALSE,TRUE
NA,"f̰","f̰","mod_consonant","creaky",NA,1,NA,1,NA,NA,FALSE,TRUE
NA,"k̰","k̰","mod_consonant","creaky",NA,9,NA,1,NA,NA,FALSE,TRUE
NA,"l̰","l̰","mod_consonant","creaky",NA,8,NA,1,NA,NA,FALSE,TRUE
NA,"m̰","m̰","mod_consonant","creaky",NA,14,NA,1,NA,NA,FALSE,TRUE
NA,"n̰","n̰","mod_consonant","creaky",NA,8,NA,1,NA,NA,FALSE,TRUE
NA,"p̰","p̰","mod_consonant","creaky",NA,9,NA,1,NA,NA,FALSE,TRUE
NA,"t̰","t̰","mod_consonant","creaky",NA,10,NA,1,NA,NA,FALSE,TRUE
NA,"w̰","w̰","mod_consonant","creaky",NA,17,NA,1,NA,NA,FALSE,TRUE
NA,"ŋ̰","ŋ̰","mod_consonant","creaky",NA,1,NA,1,NA,NA,FALSE,TRUE
NA,"θ̰","θ̰","mod_consonant","creaky",NA,1,NA,1,NA,NA,FALSE,TRUE
NA,"l̪̰|l̰","l̪̰|l̰","mod_consonant","creaky+dental",NA,4,NA,1,NA,NA,FALSE,TRUE
NA,"d̪z̪","d̪z̪","mod_consonant","dental",NA,18,NA,1,NA,NA,FALSE,TRUE
NA,"d̪z̪|dz","d̪z̪|dz","mod_consonant","dental",NA,12,NA,1,NA,NA,FALSE,TRUE
NA,"d̪|d","d̪|d","mod_consonant","dental",NA,53,NA,0.758584286186835,NA,NA,FALSE,TRUE
NA,"l̪|l","l̪|l","mod_consonant","dental",NA,73,NA,0.710547907288936,NA,NA,FALSE,TRUE
NA,"n̪d̪","n̪d̪","mod_consonant","dental",NA,15,NA,0.89317184481387,NA,NA,FALSE,TRUE
NA,"n̪d̪|nd","n̪d̪|nd","mod_consonant","dental",NA,8,NA,1,NA,NA,FALSE,TRUE
NA,"n̪s̪|ns","n̪s̪|ns","mod_consonant","dental",NA,1,NA,1,NA,NA,FALSE,TRUE
NA,"n̪t̪|nt","n̪t̪|nt","mod_consonant","dental",NA,2,NA,1,NA,NA,FALSE,TRUE
NA,"n̪|n","n̪|n","mod_consonant","dental",NA,91,NA,0.603719752102807,NA,NA,FALSE,TRUE
NA,"r̪|r","r̪|r","mod_consonant","dental",NA,26,NA,0.710547907288936,NA,NA,FALSE,TRUE
NA,"s̪|s","s̪|s","mod_consonant","dental",NA,75,NA,0.66993372762877,NA,NA,FALSE,TRUE
NA,"t̪s̪","t̪s̪","mod_consonant","dental",NA,34,NA,1,NA,NA,FALSE,TRUE
NA,"t̪|t","t̪|t","mod_consonant","dental",NA,86,NA,0.66993372762877,NA,NA,FALSE,TRUE
NA,"z̪|z","z̪|z","mod_consonant","dental",NA,21,NA,1,NA,NA,FALSE,TRUE
NA,"ɾ̪","ɾ̪","mod_consonant","dental",NA,8,NA,1,NA,NA,FALSE,TRUE
NA,"ɾ̪|ɾ","ɾ̪|ɾ","mod_consonant","dental",NA,10,NA,1,NA,NA,FALSE,TRUE
NA,"n̪d̪ʷ|ndʷ","n̪d̪ʷ|ndʷ","mod_consonant","dental+labialized",NA,1,NA,1,NA,NA,FALSE,TRUE
NA,"n̪ʷ|nʷ","n̪ʷ|nʷ","mod_consonant","dental+labialized",NA,2,NA,1,NA,NA,FALSE,TRUE
NA,"t̪ʷ|tʷ","t̪ʷ|tʷ","mod_consonant","dental+labialized",NA,2,NA,1,NA,NA,FALSE,TRUE
NA,"t̪ː","t̪ː","mod_consonant","dental+long",NA,13,NA,1,NA,NA,FALSE,TRUE
NA,"d̪ʲ|dʲ","d̪ʲ|dʲ","mod_consonant","dental+palatalized",NA,2,NA,1,NA,NA,FALSE,TRUE
NA,"l̪ʲ|lʲ","l̪ʲ|lʲ","mod_consonant","dental+palatalized",NA,4,NA,1,NA,NA,FALSE,TRUE
NA,"t̪ʲ|tʲ","t̪ʲ|tʲ","mod_consonant","dental+palatalized",NA,5,NA,0.89317184481387,NA,NA,FALSE,TRUE
NA,"mbʷ","mbʷ","mod_consonant","labialized",NA,12,NA,0.817376062475066,-0.591353381133595,"-",FALSE,TRUE
NA,"ŋɡʷ","ŋɡʷ","mod_consonant","labialized",NA,45,NA,0.817376062475066,-0.591353381133595,"-",FALSE,TRUE
NA,"ŋmʷ","ŋmʷ","mod_consonant","labialized",NA,1,NA,1,-0.773977318658529,"-",FALSE,TRUE
NA,"mʷˠː","mʷˠː","mod_consonant","labialized+long+velarized",NA,1,NA,1,NA,NA,FALSE,TRUE
NA,"pʷˠː","pʷˠː","mod_consonant","labialized+long+velarized",NA,1,NA,1,NA,NA,FALSE,TRUE
NA,"mʷˠ","mʷˠ","mod_consonant","labialized+velarized",NA,2,NA,1,NA,NA,FALSE,TRUE
NA,"pʷˠ","pʷˠ","mod_consonant","labialized+velarized",NA,1,NA,1,NA,NA,FALSE,TRUE
NA,"m̥ʷ","m̥ʷ","mod_consonant","labialized+voiceless",NA,1,NA,1,NA,NA,FALSE,TRUE
NA,"mː","mː","mod_consonant","long",NA,65,NA,0.817376062475066,-0.0181985095035454,"-",FALSE,TRUE
NA,"nː","nː","mod_consonant","long",NA,63,NA,0.817376062475066,-0.0181985095035454,"-",FALSE,TRUE
NA,"lː","lː","mod_consonant","long",NA,57,NA,0.89317184481387,-0.0939942918423498,"-",FALSE,TRUE
NA,"rː","rː","mod_consonant","long",NA,34,NA,0.89317184481387,-0.0939942918423498,"-",FALSE,TRUE
NA,"bː","bː","mod_consonant","long",NA,40,NA,1,-0.200822447028479,"-",FALSE,TRUE
NA,"dː","dː","mod_consonant","long",NA,29,NA,1,-0.200822447028479,"-",FALSE,TRUE
NA,"fː","fː","mod_consonant","long",NA,31,NA,1,-0.200822447028479,"-",FALSE,TRUE
NA,"t̠ʃː","t̠ʃː","mod_consonant","long",NA,24,NA,1,-0.200822447028479,"-",FALSE,TRUE
NA,"ŋː","ŋː","mod_consonant","long",NA,22,NA,1,-0.200822447028479,"-",FALSE,TRUE
NA,"ɻː","ɻː","mod_consonant","long",NA,1,NA,1,-0.200822447028479,"-",FALSE,TRUE
NA,"pʲ","pʲ","mod_consonant","palatalized",NA,43,NA,0.89317184481387,-0.0655151671704812,"-",FALSE,TRUE
NA,"mbʲ","mbʲ","mod_consonant","palatalized",NA,5,NA,1,-0.172343322356611,"-",FALSE,TRUE
NA,"mʲ","mʲ","mod_consonant","palatalized",NA,47,NA,1,-0.172343322356611,"-",FALSE,TRUE
NA,"ndʲ","ndʲ","mod_consonant","palatalized",NA,5,NA,1,-0.172343322356611,"-",FALSE,TRUE
NA,"tsʲ","tsʲ","mod_consonant","palatalized",NA,12,NA,1,-0.172343322356611,"-",FALSE,TRUE
NA,"l̩","l̩","mod_consonant","syllabic",NA,4,NA,1,NA,NA,FALSE,TRUE
NA,"m̩","m̩","mod_consonant","syllabic",NA,13,NA,1,NA,NA,FALSE,TRUE
NA,"n̩","n̩","mod_consonant","syllabic",NA,11,NA,1,NA,NA,FALSE,TRUE
NA,"r̩","r̩","mod_consonant","syllabic",NA,4,NA,1,NA,NA,FALSE,TRUE
NA,"ŋ̩","ŋ̩","mod_consonant","syllabic",NA,7,NA,1,NA,NA,FALSE,TRUE
NA,"ɲ̩","ɲ̩","mod_consonant","syllabic",NA,2,NA,1,NA,NA,FALSE,TRUE
NA,"ɲ̥","ɲ̥","mod_consonant","voiceless",NA,15,NA,0.89317184481387,0.10682815518613,"+",FALSE,TRUE
NA,"ʈɹ̠̥","ʈɹ̠̥","mod_consonant","voiceless",NA,1,NA,1,0,"0",FALSE,TRUE
NA,"ɑ̤","ɑ̤","mod_vowel","breathy",NA,7,NA,1,-0.0648671580589271,"-",FALSE,TRUE
NA,"ɒ̤","ɒ̤","mod_vowel","breathy",NA,2,NA,1,-0.0648671580589271,"-",FALSE,TRUE
NA,"ɪ̤","ɪ̤","mod_vowel","breathy",NA,2,NA,1,-0.0648671580589271,"-",FALSE,TRUE
NA,"iː","iː","mod_vowel","long",NA,679,NA,0.436155378968943,0.290080425795361,"+",FALSE,TRUE
NA,"uː","uː","mod_vowel","long",NA,634,NA,0.469132193475772,0.257103611288532,"+",FALSE,TRUE
NA,"oː","oː","mod_vowel","long",NA,443,NA,0.506835065624351,0.219400739139953,"+",FALSE,TRUE
NA,"eː","eː","mod_vowel","long",NA,446,NA,0.527923969764002,0.198311835000301,"+",FALSE,TRUE
NA,"ɔː","ɔː","mod_vowel","long",NA,224,NA,0.66993372762877,0.0563020771355338,"+",FALSE,TRUE
NA,"ɛː","ɛː","mod_vowel","long",NA,225,NA,0.66993372762877,0.0563020771355338,"+",FALSE,TRUE
NA,"æː","æː","mod_vowel","long",NA,42,NA,0.89317184481387,-0.166936040049567,"-",FALSE,TRUE
NA,"ɑː","ɑː","mod_vowel","long",NA,69,NA,0.89317184481387,-0.166936040049567,"-",FALSE,TRUE
NA,"əː","əː","mod_vowel","long",NA,85,NA,0.89317184481387,-0.166936040049567,"-",FALSE,TRUE
NA,"o̞ː","o̞ː","mod_vowel","long",NA,32,NA,1,-0.273764195235696,"-",FALSE,TRUE
NA,"œː","œː","mod_vowel","long",NA,18,NA,1,-0.273764195235696,"-",FALSE,TRUE
NA,"ɯː","ɯː","mod_vowel","long",NA,28,NA,1,-0.273764195235696,"-",FALSE,TRUE
NA,"ʊː","ʊː","mod_vowel","long",NA,66,NA,1,-0.273764195235696,"-",FALSE,TRUE
NA,"æ̃","æ̃","mod_vowel","nasalized",NA,26,NA,1,NA,NA,FALSE,TRUE
NA,"ɑ̃","ɑ̃","mod_vowel","nasalized",NA,31,NA,1,NA,NA,FALSE,TRUE
NA,"ɔ̃","ɔ̃","mod_vowel","nasalized",NA,164,NA,0.89317184481387,NA,NA,FALSE,TRUE
NA,"ə̃","ə̃","mod_vowel","nasalized",NA,53,NA,1,NA,NA,FALSE,TRUE
NA,"ɛ̃","ɛ̃","mod_vowel","nasalized",NA,175,NA,0.89317184481387,NA,NA,FALSE,TRUE
NA,"ɛ̃ə","ɛ̃ə","mod_vowel","nasalized",NA,1,NA,1,NA,NA,FALSE,TRUE
NA,"ɯ̃","ɯ̃","mod_vowel","nasalized",NA,25,NA,1,NA,NA,FALSE,TRUE
NA,"ɯ̃ə","ɯ̃ə","mod_vowel","nasalized",NA,1,NA,1,NA,NA,FALSE,TRUE
NA,"ʌ̃","ʌ̃","mod_vowel","nasalized",NA,14,NA,1,NA,NA,FALSE,TRUE
"phoneme_118","ɔ̤","ɔ̤","vowel","breathy",3,15,1,1,0,"0",TRUE,TRUE
"phoneme_124","o̤","o̤","vowel","breathy",2,20,1,1,0,"0",TRUE,TRUE
"phoneme_132","ʊ̤","ʊ̤","vowel","breathy",2,3,1,1,0,"0",TRUE,TRUE
"phoneme_144","ə̤","ə̤","vowel","breathy",1,3,1,1,0,"0",TRUE,TRUE
"phoneme_393","i̤","i̤","vowel","breathy",5,20,1,1,0,"0",TRUE,TRUE
"phoneme_395","e̤","e̤","vowel","breathy",2,19,1,1,0,"0",TRUE,TRUE
"phoneme_400","ɛ̤","ɛ̤","vowel","breathy",3,13,1,1,0,"0",TRUE,TRUE
"phoneme_135","ɨ̤","ɨ̤","vowel","breathy",2,NA,1,NA,NA,NA,TRUE,FALSE
"phoneme_138","a̤","a̤","vowel","breathy",4,16,1,NA,NA,NA,TRUE,TRUE
"phoneme_399","I̤","I̤","vowel","breathy",2,NA,1,NA,NA,NA,TRUE,FALSE
"phoneme_133","o̰","o̰","vowel","creaky",1,13,1,NA,NA,NA,TRUE,TRUE
"phoneme_146","a̰","a̰","vowel","creaky",1,19,1,NA,NA,NA,TRUE,TRUE
"phoneme_142","aː","aː","vowel","long",1,646,1,0.436155378968943,0.563844621031057,"+",TRUE,TRUE
"phoneme_119","ɯ","ɯ","vowel",NA,113,116,0.877220139853001,0.634752124950132,0.242468014902869,"+",TRUE,TRUE
"phoneme_137","ʉ","ʉ","vowel",NA,31,49,1,0.817376062475066,0.182623937524934,"+",TRUE,TRUE
"phoneme_122","ɤ","ɤ","vowel",NA,44,47,1,0.89317184481387,0.10682815518613,"+",TRUE,TRUE
"phoneme_130","ɑ","ɑ","vowel",NA,113,138,0.714913993238342,0.634752124950132,0.0801618682882101,"+",TRUE,TRUE
"phoneme_120","ʌ","ʌ","vowel",NA,14,86,0.877220139853001,0.817376062475066,0.0598440773779351,"+",TRUE,TRUE
"phoneme_127","ṳ","ṳ","vowel",NA,4,19,1,1,0,"0",TRUE,TRUE
"phoneme_123","u","u","vowel",NA,1779,1843,0.0150148018685813,0.0152337598678385,-0.000218957999257237,"-",TRUE,TRUE
"phoneme_392","i","i","vowel",NA,1866,1926,0.00767487101537072,0.00903416444353269,-0.00135929342816197,"-",TRUE,TRUE
"phoneme_145","a","a","vowel",NA,1876,1830,0.00832971056099987,0.0347590353883531,-0.0264293248273533,"-",TRUE,TRUE
"phoneme_401","ɛ","ɛ","vowel",NA,706,759,0.247447488378122,0.277869100050583,-0.030421611672461,"-",TRUE,TRUE
"phoneme_391","e","e","vowel",NA,1444,1322,0.0668837641068838,0.10831250079679,-0.041428736689906,"-",TRUE,TRUE
"phoneme_139","ə","ə","vowel",NA,600,443,0.235226512299903,0.277869100050583,-0.0426425877506796,"-",TRUE,TRUE
"phoneme_398","y","y","vowel",NA,140,105,0.559838805529221,0.603719752102807,-0.0438809465735857,"-",TRUE,TRUE
"phoneme_121","o","o","vowel",NA,1532,1299,0.0462234150077802,0.0910295422066429,-0.0448061271988627,"-",TRUE,TRUE
"phoneme_128","ɔ","ɔ","vowel",NA,653,738,0.252582163701231,0.314267659391743,-0.0616854956905122,"-",TRUE,TRUE
"phoneme_394","æ","æ","vowel",NA,161,123,0.488017191499439,0.634752124950132,-0.146734933450693,"-",TRUE,TRUE
"phoneme_403","œ","œ","vowel",NA,33,47,0.714913993238342,0.89317184481387,-0.178257851575528,"-",TRUE,TRUE
"phoneme_125","ɒ","ɒ","vowel",NA,40,33,0.610797051646438,0.817376062475066,-0.206579010828628,"-",TRUE,TRUE
"phoneme_134","ʊ","ʊ","vowel",NA,279,269,0.520312519061561,0.758584286186835,-0.238271767125274,"-",TRUE,TRUE
"phoneme_136","ɐ","ɐ","vowel",NA,83,41,0.592134133091343,0.89317184481387,-0.301037711722527,"-",TRUE,TRUE
"phoneme_397","ø","ø","vowel",NA,106,61,0.559838805529221,0.89317184481387,-0.333333039284649,"-",TRUE,TRUE
"phoneme_141","ɨ","ɨ","vowel",NA,292,360,0.307048126329685,0.710547907288936,-0.403499780959251,"-",TRUE,TRUE
"phoneme_126","u̱","u̱","vowel",NA,2,NA,1,NA,NA,NA,TRUE,FALSE
"phoneme_129","ɯ̌","ɯ̌","vowel",NA,1,NA,1,NA,NA,NA,TRUE,FALSE
"phoneme_131","o˂","o˂","vowel",NA,1,NA,1,NA,NA,NA,TRUE,FALSE
"phoneme_140","ɨ̅","ɨ̅","vowel",NA,1,NA,1,NA,NA,NA,TRUE,FALSE
"phoneme_143","ɵ","ɵ","vowel",NA,22,24,0.877220139853001,NA,NA,NA,TRUE,TRUE
"phoneme_390","i̱","i̱","vowel",NA,2,NA,1,NA,NA,NA,TRUE,FALSE
"phoneme_396","I","I","vowel",NA,298,NA,0.478440053984808,NA,NA,NA,TRUE,FALSE
"phoneme_402","Y","Y","vowel",NA,10,NA,0.877220139853001,NA,NA,NA,TRUE,FALSE
"phoneme_404","e̅","e̅","vowel",NA,1,NA,1,NA,NA,NA,TRUE,FALSE
"phoneme_405","ḛ","ḛ","vowel",NA,1,14,1,NA,NA,NA,TRUE,TRUE
"phoneme_406","e˃","e˃","vowel",NA,1,NA,1,NA,NA,NA,TRUE,FALSE
NA,"ae","ae","vowel",NA,NA,7,NA,0.89317184481387,NA,NA,FALSE,TRUE
NA,"ai","ai","vowel",NA,NA,69,NA,0.575960348661901,NA,NA,FALSE,TRUE
NA,"ai̯","ai̯","vowel",NA,NA,8,NA,1,NA,NA,FALSE,TRUE
NA,"au","au","vowel",NA,NA,57,NA,0.603719752102807,NA,NA,FALSE,TRUE
NA,"au̯","au̯","vowel",NA,NA,7,NA,1,NA,NA,FALSE,TRUE
NA,"ay","ay","vowel",NA,NA,2,NA,1,NA,NA,FALSE,TRUE
NA,"ã","ã","vowel",NA,NA,361,NA,0.758584286186835,NA,NA,FALSE,TRUE
NA,"ãi","ãi","vowel",NA,NA,1,NA,1,NA,NA,FALSE,TRUE
NA,"ä","ä","vowel",NA,NA,40,NA,1,NA,NA,FALSE,TRUE
NA,"ea","ea","vowel",NA,NA,9,NA,1,NA,NA,FALSE,TRUE
NA,"ei","ei","vowel",NA,NA,25,NA,0.89317184481387,NA,NA,FALSE,TRUE
NA,"eu","eu","vowel",NA,NA,13,NA,1,NA,NA,FALSE,TRUE
NA,"ẽ","ẽ","vowel",NA,NA,229,NA,1,NA,NA,FALSE,TRUE
NA,"e̝","e̝","vowel",NA,NA,5,NA,0.89317184481387,NA,NA,FALSE,TRUE
NA,"e̞","e̞","vowel",NA,NA,167,NA,0.527923969764002,NA,NA,FALSE,TRUE
NA,"e̞i","e̞i","vowel",NA,NA,7,NA,0.89317184481387,NA,NA,FALSE,TRUE
NA,"e̞u","e̞u","vowel",NA,NA,4,NA,1,NA,NA,FALSE,TRUE
NA,"ia","ia","vowel",NA,NA,35,NA,0.89317184481387,NA,NA,FALSE,TRUE
NA,"iu","iu","vowel",NA,NA,21,NA,1,NA,NA,FALSE,TRUE
NA,"iə","iə","vowel",NA,NA,16,NA,0.758584286186835,NA,NA,FALSE,TRUE
NA,"ĩ","ĩ","vowel",NA,NA,378,NA,0.758584286186835,NA,NA,FALSE,TRUE
NA,"ĩə","ĩə","vowel",NA,NA,1,NA,1,NA,NA,FALSE,TRUE
NA,"oa","oa","vowel",NA,NA,8,NA,1,NA,NA,FALSE,TRUE
NA,"oe","oe","vowel",NA,NA,5,NA,1,NA,NA,FALSE,TRUE
NA,"oi","oi","vowel",NA,NA,29,NA,0.817376062475066,NA,NA,FALSE,TRUE
NA,"ou","ou","vowel",NA,NA,19,NA,0.89317184481387,NA,NA,FALSE,TRUE
NA,"õ","õ","vowel",NA,NA,235,NA,1,NA,NA,FALSE,TRUE
NA,"o̝","o̝","vowel",NA,NA,3,NA,0.89317184481387,NA,NA,FALSE,TRUE
NA,"o̞","o̞","vowel",NA,NA,170,NA,0.506835065624351,NA,NA,FALSE,TRUE
NA,"o̞i","o̞i","vowel",NA,NA,6,NA,1,NA,NA,FALSE,TRUE
NA,"o̞u","o̞u","vowel",NA,NA,5,NA,1,NA,NA,FALSE,TRUE
NA,"õ̞","õ̞","vowel",NA,NA,39,NA,1,NA,NA,FALSE,TRUE
NA,"ui","ui","vowel",NA,NA,39,NA,1,NA,NA,FALSE,TRUE
NA,"ui̯","ui̯","vowel",NA,NA,8,NA,1,NA,NA,FALSE,TRUE
NA,"uy","uy","vowel",NA,NA,1,NA,1,NA,NA,FALSE,TRUE
NA,"uə","uə","vowel",NA,NA,20,NA,0.710547907288936,NA,NA,FALSE,TRUE
NA,"ũ","ũ","vowel",NA,NA,353,NA,0.758584286186835,NA,NA,FALSE,TRUE
NA,"ũə","ũə","vowel",NA,NA,1,NA,1,NA,NA,FALSE,TRUE
NA,"ɔi","ɔi","vowel",NA,NA,13,NA,1,NA,NA,FALSE,TRUE
NA,"ɔə","ɔə","vowel",NA,NA,1,NA,1,NA,NA,FALSE,TRUE
NA,"əi","əi","vowel",NA,NA,13,NA,1,NA,NA,FALSE,TRUE
NA,"əy","əy","vowel",NA,NA,1,NA,1,NA,NA,FALSE,TRUE
NA,"ɛo","ɛo","vowel",NA,NA,2,NA,1,NA,NA,FALSE,TRUE
NA,"ɛə","ɛə","vowel",NA,NA,3,NA,1,NA,NA,FALSE,TRUE
NA,"ɞ","ɞ","vowel",NA,NA,4,NA,1,NA,NA,FALSE,TRUE
NA,"ɪ","ɪ","vowel",NA,NA,287,NA,0.66993372762877,NA,NA,FALSE,TRUE
NA,"ɯə","ɯə","vowel",NA,NA,4,NA,0.89317184481387,NA,NA,FALSE,TRUE
NA,"ʌi","ʌi","vowel",NA,NA,2,NA,1,NA,NA,FALSE,TRUE
NA,"ʌə","ʌə","vowel",NA,NA,1,NA,1,NA,NA,FALSE,TRUE
